Name,Category,
Premia Tea Masala,Dairy,
Amul Butter,Dairy,
Society Tea,Dairy,
Wagh Bakri Premium Leaf Tea Pouch,Dairy,
Brooke Bond Red Label Tea,Dairy,
Tata Tea Agni,Dairy,
Brooke Bond Red Label Natural Care Tea,Dairy,
Girnar Royal Cup Tea,Dairy,
Tata Tea Premium,Dairy,
Taj Mahal Tea,Dairy,
Tata Tea Gold,Dairy,
Society Masala Tea,Dairy,
Wagh Bakri Navchetan Tea,Dairy,
Nutralite Fat Spread,Dairy,
Tetley Lemon & Honey Green Tea Bags,Dairy,
Brooke Bond Taaza Tea,Dairy,
Mother Dairy Pasteurized Butter,Dairy,
Delicious Fat Spread,Dairy,
Tata Tea Gold Care,Dairy,
Lipton Green Tea Bags - Honey Lemon,Dairy,
Society Masala Flavour Tea Pouch,Dairy,
Amul Garlic & Herbs Buttery Spread,Dairy,
Tata Tea Teaveda,Dairy,
Girnar Detox Desi Kahwa Green Tea,Dairy,
Amul Butter School Pack,Dairy,
Brooke Bond Taj Mahal Tea Bags,Dairy,
Nutralite Fat Spread UKE,Dairy,
Girnar Jumbo Gulabi CTC Leaf Tea,Dairy,
Lipton Green Tea Bags - Pure & Light,Dairy,
Goodricke Super Cup Tea,Dairy,
Girnar Masala Instant Premix Chai,Dairy,
Lipton Pure & Light Green Tea,Dairy,
Amul Lite Milk Fat Bread Spread,Dairy,
Girnar Cardamom Instant Premix Chai,Dairy,
Tetley Ginger Mint Lemon Green Tea,Dairy,
Tea Country Honey & Lemon Green Tea,Dairy,
President Premium Butter Salted,Dairy,
Amul White Butter Unsalted,Dairy,
Lipton Green Tea - Lemon Zest,Dairy,
Tetley Long Leaf Green Tea Powder,Dairy,
Wagh Bakri Green Tea Honey Lemon,Dairy,
Organic India Tulsi Green Tea - Lemon Ginger,Dairy,
Wagh Bakri Premix Instant Tea,Dairy,
Arbor Treat Assam CTC Tea,Dairy,
President Premium Butter Unsalted,Dairy,
Wagh Bakri Green Tea Tulsi,Dairy,
Wagh Bakri Premix Masala Instant Tea,Dairy,
Tea Country Original Green Tea,Dairy,
Wagh Bakri Premix Elaichi Instant Tea,Dairy,
Wagh Bakri Green Tea Mint,Dairy,
Wagh Bakri Green Tea Bags,Dairy,
Society Cleanse Detox Kahwa Green Tea Premix,Dairy,
TGL Co. Kashmiri Kahwa Green Tea,Dairy,
TGL Co. Mogo Mogo Green Tea,Dairy,
Society Premium Tea,Dairy,
Society Masala Tea Pouch,Dairy,
Amul Taaza Toned Milk,Dairy,
Nandini Good Life Toned Milk,Dairy,
Amul Gold Homogenised Standardised Milk,Dairy,
Go Double Toned Milk,Dairy,
Amul Slim-n-Trim Skimmed Milk,Dairy,
Nestlé A+ Nourish Toned Milk,Dairy,
Amul Kool Kesar Milk,Dairy,
Amul Kool Badam Milk,Dairy,
Amul Kool Café Milk,Dairy,
Amul Kool Elaichi Milk,Dairy,
Epigamia Milkshake Chocolate,Dairy,
Cavin's Chocolate Milkshake,Dairy,
Amul Kool Rose Milk,Dairy,
Amul Lactose Free Milk,Dairy,
Cavin's Vanilla Milkshake,Dairy,
Epigamia Milkshake Strawberry,Dairy,
Sofit Soya Drink Naturally Sugar Free,Dairy,
Raw Pressery Almond Milk Plain (Unsweetened),Dairy,
Sofit Soya Drink Chocolate,Dairy,
Lipton Green Tea - Tulsi Natura,Dairy,
Sofit Soya Drink Vanilla,Dairy,
Tea Country Tulsi Green Tea,Dairy,
Chitale Flavoured Milk Butterscotch,Dairy,
Amul Basundi Kesar Elaichi,Dairy,
Arbor Qahwa Green Tea With Herbs & Spices,Dairy,
Sofit Soya Drink Kesar Pista,Dairy,
Chitale Flavoured Milk - Coffee,Dairy,
Mother Dairy Cheese Slices,Dairy,
Mother Dairy Cheese Cubes,Dairy,
Gowardhan Processed Cheese Angles Plain,Dairy,
Gowardhan Processed Cheese,Dairy,
Gowardhan Go Pizza Cheese,Dairy,
Gowardhan Go Cheese Slices - Plain,Dairy,
Gowardhan Cheese Slice - 28 Slices,Dairy,
Tetley Green Tea Ginger Mint & Lemon,Dairy,
D'lecta Shredded Mozzarella Cheese,Dairy,
D'lecta Processed Cheese Block,Dairy,
D'lecta Natural Feta Salad Cheese,Dairy,
Tetley Classic Immune Green Tea,Dairy,
D'lecta Natural Cheddar Cheese Slices,Dairy,
D'lecta Natural Cheddar Cheese,Dairy,
D'lecta Frozen Shredded Mozzarella Cheese,Dairy,
D'lecta Cream Cheese,Dairy,
D'lecta Cheese Spread,Dairy,
D'lecta Cheese Slices,Dairy,
D'lecta Cheese Cubes,Dairy,
Britannia Diced Pizza Cheese Blend,Dairy,
Britannia Cheeza Pizza Cheese,Dairy,
Britannia Cheese Slices,Dairy,
Wagh Bakri Shudh Kahwa Green Tea,Dairy,
Organic Tulsi Ginger Turmeric,Dairy,
Tea Culture Of The World Soothing Chamomile Exotic Tea,Dairy,
Tea Culture Of The World Moroccan Mint Exotic Tea,Dairy,
Tea Culture Of The World Flowery Bouquet Exotic Tea,Dairy,
Tea Culture Of The World Kashmiri Kahwa Exotic Tea,Dairy,
Tea Culture Of The World Tulsi Ritual Exotic Tea,Dairy,
Britannia Cheese Cubes,Dairy,
Bru Instant Coffee Pouch,Dairy,
Nescafé Classic Coffee,Dairy,
Le Café 100% Pure Instant Coffee,Dairy,
Nestlé Everyday Dairy Whitener,Dairy,
Gowardhan Paneer Classic Block,Dairy,
Amul Masti Spiced Buttermilk,Dairy,
Nescafé Sunrise Coffee,Dairy,
Amul Fresh Paneer,Dairy,
Nescafé Classic Coffee Jar,Dairy,
Amul Fresh Cream,Dairy,
Yakult Probiotic Health Drink,Dairy,
House Instant Coffee,Dairy,
Amul Mithai Mate Sweetened Condensed Milk,Dairy,
Nestlé Milkmaid,Dairy,
Nescafe Gold Blend Coffee Jar,Dairy,
Chitale Fresh Paneer,Dairy,
Le Cafe Coffee Jar,Dairy,
Continental Xtra Coffee Jar,Dairy,
Prabhat Malai Paneer,Dairy,
Amul Malai Paneer (Frozen),Dairy,
Amul Frozen Rasmalai,Dairy,
Continental Xtra Instant South Blend Coffee,Dairy,
Id Natural Paneer,Dairy,
Davidoff Coffee Espresso Intense,Dairy,
Epigamia Milkshake Vanilla,Dairy,
Cothas Coffee Speciality Blend,Dairy,
Davidoff Coffee Rich Aroma,Dairy,
D'lecta Dairy Cream,Dairy,
Le Café Instant Coffee,Dairy,
Amul Rose Lassi,Dairy,
Colombian Brew Cappuccino Coffee Premix,Dairy,
Amul Lassi Rose Flavour,Dairy,
Nescafe Chilled Latte Coffee & Milk Beverage,Dairy,
Colombian Brew Double Chocolate Mocha Coffee Premix,Dairy,
Nescafe Cappuccino Flavour Instense Café,Dairy,
Nescafe Iced Latte Flavoured Can,Dairy,
Colombian Brew Hazelnut Coffee Premix,Dairy,
Nescafe Hazelnut Flavour Coffee & Milk Beverage,Dairy,
Cavin's Strawberry Milkshake,Dairy,
Yakult Light Health Drink,Dairy,
Nescafe Cappuccino Flavour Can,Dairy,
Colombian Brew Vanilla Caramel Coffee Premix,Dairy,
ID Instant Filter Coffee Bold,Dairy,
Epigamia Artisanal Mishti Doi,Dairy,
ID Instant Filter Coffee Strong,Dairy,
Davidoff Coffee Fine Aroma,Dairy,
Continental Speciale Coffee Pouch,Dairy,
Davidoff Coffee Crema Intense,Dairy,
D'lecta Dairy Whipping Cream,Dairy,
Raw Pressery Milkshake Cold Coffee,Dairy,
Amul Kesar Elaichi Basundi,Dairy,
TGL Co. Euphoria Instant Coffee Powder,Dairy,
Nescafé Classic Black Roast Coffee Jar,Dairy,
Chitale Keshar Flavoured Milk,Dairy,
Nescafe Classic Coffee Jar,Dairy,
Colombian Brew Green Coffee,Dairy,
Cadbury Bournvita Health Drink Refill,Dairy,
Pediasure Nutritional Powder - Premium Chocolate Flavour,Dairy,
Protinex Original Health Drink,Dairy,
Protinex Chocolate Flavour Health Drink Tin,Dairy,
Cadbury Bournvita 5 Star Magic Health Drink,Dairy,
Protinex Original,Dairy,
Horlicks Health & Nutrition Drink Refill - Chocolate,Dairy,
Amul Pro Whey Protein Malt Chocolate Drink,Dairy,
Cadbury Bournvita Jar,Dairy,
Horlicks Health & Nutrition Drink Refill - Classic Malt,Dairy,
Complan Chocolate Health Drink,Dairy,
Protinex Vanilla Flavour,Dairy,
Pediasure Vanilla Delight,Dairy,
Women's Horlicks Health & Nutrition Drink - Chocolate,Dairy,
Women's Horlicks Health & Nutrition Drink Jar - Caramel,Dairy,
Boost Refill Pack,Dairy,
Britannia Thick Dahi,Dairy,
Amul Masti Dahi,Dairy,
Cadbury Hot Chocolate Drinking Powder,Dairy,
ID Creamy Thick Curd - Dahi,Dairy,
Pediasure Nutritional Powder - Vanilla Delight Flavour,Dairy,
Ensure Nutrition Powder - Vanilla Flavour,Dairy,
Horlicks Classic Malt Jar,Dairy,
Complan Kesar Badam Health Drink,Dairy,
Horlicks Chocolate Delight Jar,Dairy,
Protinex Health Drink Chocolate Flavour Tin,Dairy,
Horlicks Chocolate Delight Health Drink Refill,Dairy,
Hershey's Natural Unsweetened Cocoa Powder,Dairy,
Amul Premium Dahi,Dairy,
Mother Dairy Mishti Doi,Dairy,
Gaia Sport Whey Irish Chocolate Protein,Dairy,
Hershey's Milk Booster Chocolate Flavor,Dairy,
Christopher Dark Cocoa Powder For Baking & Hot & Cold Drinks,Dairy,
Christopher Cocoa Original Drinking Cocoa,Dairy,
Horlicks Chocolate Delight Flavour Jar,Dairy,
Blue Bird Cocoa Powder,Dairy,
Mirinda Orange,Dairy,
Thums Up,Dairy,
Sprite,Dairy,
Thums Up Bottle,Dairy,
Coca-Cola Bottle,Dairy,
Pepsi,Dairy,
Fanta Orange Flavour,Dairy,
Bisleri Club Soda,Dairy,
7 Up,Dairy,
Coca-Cola,Dairy,
Limca,Dairy,
Xotik Jeeru Jeera Masala Drink,Dairy,
Diet Coke Tin,Dairy,
Duke's Club Soda,Dairy,
Coolberg Assorted Non-Alcoholic Beer,Dairy,
Budweiser Green Apple Non-Alcoholic Beer Can,Dairy,
Cravova Classic Mojito,Dairy,
Coolberg Cranberry Non-Alcoholic Beer,Dairy,
Epigamia Low Fat Greek Yogurt Blueberry,Dairy,
Cravova Peach Mojito,Dairy,
Epigamia Low Fat Greek Yogurt Strawberry,Dairy,
Cravova Green Apple Mojito,Dairy,
Epigamia Greek Yogurt Natural,Dairy,
Bisleri Limonata - With Lime Juice,Dairy,
Coke Zero Sugar,Dairy,
Cravova Watermelon Mojito,Dairy,
Coolberg Peach Non-Alcoholic Beer,Dairy,
Epigamia Low Fat Greek Yogurt Alphonso Mango,Dairy,
Cravova Fresh Lemonade,Dairy,
Epigamia Low Fat Greek Yogurt Wild Raspberry,Dairy,
Coca-Cola Tin,Dairy,
Coolberg Ginger Non-Alcoholic Beer,Dairy,
Epigamia Greek Yogurt Zero Added Sugar Strawberry,Dairy,
Bisleri Spyci - Masala Maar Ke,Dairy,
Epigamia Greek Yogurt Smoothie - Blueberry,Dairy,
Coolberg Malt Non-Alcoholic Beer,Dairy,
Epigamia Greek Yogurt Smoothie - Strawberry,Dairy,
Epigamia Greek Yogurt Zero Sugar Mixed Berry,Dairy,
Epigamia Alphonso Mango Yogurt Smoothie,Dairy,
Schweppes Indian Tonic Water Tin,Dairy,
Schweppes Original Ginger Ale,Dairy,
Xotik Jeeru Jeera Masala Drink,Dairy,
O'cean Fruit Drink - Peach & Passion Fruit Flavour,Dairy,
Maaza Mango Drink,Dairy,
Slice Mango Drink,Dairy,
Real Mixed Fruit,Dairy,
Minute Maid Pulpy Orange Juice,Dairy,
Frooti Mango Drink,Dairy,
Mango Merry Mango Drink,Dairy,
Real Fruit Power Orange,Dairy,
B Natural Mixed Fruit Beverage,Dairy,
Real Fruit Power Litchi,Dairy,
B Natural Guava Fruit Beverage,Dairy,
Real Fruit Power Guava,Dairy,
Tropicana Mixed Fruit Delight,Dairy,
B Natural Litchi Fruit Beverage,Dairy,
Raw Pressery Coconut Water,Dairy,
Chitale Full Cream Shrikhand Amba,Dairy,
Paper Boat Aamras,Dairy,
Real Fruit Power Apple,Dairy,
Real Fruit Power Masala Guava,Dairy,
Real Fruit Power Masala Mixed Fruit,Dairy,
Amul Amrakhand,Dairy,
Amul Shrikhand Badam Pista,Dairy,
Tropicana Apple Delight,Dairy,
Paper Boat Chilli Guava,Dairy,
Tropicana Orange Delight,Dairy,
Tropicana Litchi Delight,Dairy,
Paper Boat Alphonso Aam,Dairy,
Amul Shrikhand Mango,Dairy,
Amul Shrikhand Elaichi,Dairy,
Paper Boat Jaljeera,Dairy,
Chitale Full Cream Badam Pista Shrikhand,Dairy,
Raw Pressery Orange Juice,Dairy,
Amul Shrikhand Kesar,Dairy,
Paper Boat Anar - 1 L,Dairy,
Chitale Full Cream Keshar Shrikhand,Dairy,
Baidyanath Amla Juice,Dairy,
Raw Pressery Pomegranate Juice,Dairy,
Baidyanath Aloevera Juice,Dairy,
Raw Pressery Sugarcane,Dairy,
Baidyanath Karela Jamun Juice,Dairy,
Baidyanath Giloy Juice,Dairy,
O'cean Pink Fruit Drink - Guava Flavour,Dairy,
Glucon-D Orange,Dairy,
Red Bull Energy Drink,Dairy,
Glucon-D Nimbu Pani,Dairy,
Monster Energy Drink Tin,Dairy,
Glucon-D Plain,Dairy,
O'cean Natural Power Energy Drink,Dairy,
Chetran's Tofu,Dairy,
Budweiser Beats Energy Drink,Dairy,
Cipla Prolyte ORS - Orange Flavour,Dairy,
Cipla Prolyte ORS - Apple Flavour,Dairy,
Red Bull Sugarfree,Dairy,
Rooh Afza,Dairy,
Mapro Coolz Rose Sharbat,Dairy,
Guruji Kesaria Thandai,Dairy,
Kokan Gem Kokam Syrup,Dairy,
Mala's Rose Syrup,Dairy,
Hershey's Chocolate Syrup,Dairy,
Kokan Gem Kairi Panhe,Dairy,
Mapro Cocktail Mixology Kit,Dairy,
Home Made Lemon Pudina Fruit Squash,Dairy,
Jimmy's Cocktails - Cosmopolitan Cocktail Mixer,Dairy,
Jimmy's Cocktails - Mango Chilli Mojito Cocktail Mixer,Dairy,
Jimmy's Cocktails - SOTB Cocktail Mixer,Dairy,
Jimmy's Cocktails - Margarita Cocktail Mixer,Dairy,
Jimmy's Cocktails - Whiskey Sour Cocktail Mixer,Dairy,
Home Made Real Variyali Syrup,Dairy,
Jimmy's Cocktails - BM Cocktail Mixer,Dairy,
Home Made Rose Falooda Syrup,Dairy,
Home Made Masala Shikanji Syrup,Dairy,
Monin Mojito Mint Flavoured Syrup,Dairy,
Home Made Anjeer Kesar Fruit Squash,Dairy,
Guruji Rose Sharbat,Dairy,
Monin Blue Curacao Flavoured Syrup,Dairy,
Monin Green Apple Flavoured Syrup,Dairy,
Monin Vanilla Flavoured Syrup,Dairy,
Hershey's Strawberry Syrup,Dairy,
Britannia Cheese Block,Dairy,
Amul Processed Cheese Block,Dairy,
Amul Processed Cheese,Dairy,
Amul Mozzarella Pizza Cheese (Frozen),Dairy,
Amul Mozzarella Diced Pizza Cheese (Frozen),Dairy,
Amul Mozzarella & Cheddar Pizza Cheese,Dairy,
Amul Easy To Grate Processed Cheese,Dairy,
Amul Diced Mozzarella & Cheddar Cheese Blend (Frozen),Dairy,
Amul Diced Blend Cheese,Dairy,
Amul Cheese Spread Plain,Dairy,
Amul Cheese Slices,Dairy,
Amul Cheese Chiplets ,Dairy,
Bisleri Packaged Drinking Water,Dairy,
Bisleri Water,Dairy,
Fresh Watermelon (Tarbooj),Fruits & Vegetables,
Fresh Pomegranate (Anar),Fruits & Vegetables,
Apple Royal Gala (Seb),Fruits & Vegetables,
Fresh Pear (Nashpati),Fruits & Vegetables,
Fresh Muskmelon (Kharbooja),Fruits & Vegetables,
Fresh Banana (Kela) Elaichi,Fruits & Vegetables,
Fresh Orange (Santra) Imported,Fruits & Vegetables,
Apple Red Delicious,Fruits & Vegetables,
Fresh Kiwi,Fruits & Vegetables,
Fresh Papaya (Papita),Fruits & Vegetables,
Fresh Apple Green,Fruits & Vegetables,
Fresh Raw Mango,Fruits & Vegetables,
Fresh Sweet Lime (Mosambi),Fruits & Vegetables,
Fresh Dragon Fruit (Pitaya),Fruits & Vegetables,
Fresh Guava (Peru),Fruits & Vegetables,
Fresh Indian Gooseberry (Amla),Fruits & Vegetables,
Sweet Tamarind (Thailand),Fruits & Vegetables,
Fresh Apple (Seb) Washington,Fruits & Vegetables,
Fresh Sapota (Chikku),Fruits & Vegetables,
Robusta Banana (Kela),Fruits & Vegetables,
Raw Banana (Kela) Madras,Fruits & Vegetables,
Fresh Pear - Indian,Fruits & Vegetables,
Apple Shimla (Seb),Fruits & Vegetables,
Plum Indian,Fruits & Vegetables,
Fresh Onion (Pyaaj),Fruits & Vegetables,
Fresh Potato (Aloo),Fruits & Vegetables,
Coconut,Fruits & Vegetables,
Garlic (Lahsun),Fruits & Vegetables,
Fresh Tomato (Tamaatar),Fruits & Vegetables,
Fresh Lemon (Nimboo),Fruits & Vegetables,
Ginger (Adrak),Fruits & Vegetables,
Fresh Button Mushrooms,Fruits & Vegetables,
Tender Coconut,Fruits & Vegetables,
Fresh Cucumber White (Safed Kakdi),Fruits & Vegetables,
Fresh Lady Finger (Bhendi),Fruits & Vegetables,
Cauliflower (Ful Gobi),Fruits & Vegetables,
Fresh Capsicum Green (Shimla Mirch),Fruits & Vegetables,
Fresh English Carrot (Gajar),Fruits & Vegetables,
Sweet Potato (Ratala),Fruits & Vegetables,
Fresh Groundnut (Mungfali),Fruits & Vegetables,
Malgudi Garlic Peeled,Fruits & Vegetables,
Sambhar Onion (Madras Onion),Fruits & Vegetables,
Fresh Avocado,Fruits & Vegetables,
Fresh Green Chilli (Mirchi),Fruits & Vegetables,
Bottle Gourd (Dudhi),Fruits & Vegetables,
Fresh Green Cucumber (Kakdi),Fruits & Vegetables,
Fresh Brinjal (Bharta Baingan),Fruits & Vegetables,
Fresh Beetroot (Chukandar),Fruits & Vegetables,
Cabbage (Patta Gobi),Fruits & Vegetables,
Fresh Sweet Corn,Fruits & Vegetables,
Drumsticks (Shevgyacha Shenga),Fruits & Vegetables,
Fresh Capsicum Red & Yellow,Fruits & Vegetables,
Fresh Baby Potato (Dum Aloo),Fruits & Vegetables,
Fresh Elephant Foot Yam (Suran),Fruits & Vegetables,
Fresh Baby Corn,Fruits & Vegetables,
Bitter Gourd (Karela),Fruits & Vegetables,
Fresh Colocasia (Arbi),Fruits & Vegetables,
French Beans (Faliya),Fruits & Vegetables,
Fresh Brinjal Round (Kateri Wangi),Fruits & Vegetables,
Fresh Sponge Gourd (Ghosale),Fruits & Vegetables,
Fresh Disco Pumpkin (Kaddu/Bhopla),Fruits & Vegetables,
Fresh Brinjal Small,Fruits & Vegetables,
Fresh Cluster Beans (Gavar),Fruits & Vegetables,
Fresh Sprouts Mixed Gram,Fruits & Vegetables,
Zucchini Green,Fruits & Vegetables,
Malgudi Fried Rice/Noodles Mix,Fruits & Vegetables,
Fresh Lemon Grass,Fruits & Vegetables,
Fresh Cabbage - Red,Fruits & Vegetables,
Broad Beans (Papadi),Fruits & Vegetables,
Zucchini Yellow,Fruits & Vegetables,
Malgudi Sambar Mix,Fruits & Vegetables,
Malgudi Coconut Chutney,Fruits & Vegetables,
Malgudi Sugarcane Cubes,Fruits & Vegetables,
Malgudi Thai Curry Mix Vegetables,Fruits & Vegetables,
Malgudi Biryani/Pulav Mix,Fruits & Vegetables,
Fresh Sprouts Moong Green,Fruits & Vegetables,
Haribol Desi Cow A2 Ghee,Packaged Food,
MTR Idli/Dosa/Chilly Chutney Powder,Packaged Food,
Premia Yellow Chana,Packaged Food,
Twinings Green Tea & Lemon,Packaged Food,
Twinings Green Tea & Mint,Packaged Food,
Twinings Origins Darjeeling Tea,Packaged Food,
Wingreens Tangy Cheese Pita Chips With Mexican Salsa Dip,Packaged Food,
Veeba Cheese & Jalapeno Dip,Packaged Food,
Veeba Cheese & Chili Sandwich Spread,Packaged Food,
Tosita Cheese Straws,Packaged Food,
Tosita Baby Rusk Cheddar Cheese,Packaged Food,
Taali Protein Cheese & Herbs Puffs,Packaged Food,
Sunfeast Yippee Pasta Cheese,Packaged Food,
Peppy Cheese Balls,Packaged Food,
McCain Potato Cheese Shotz,Packaged Food,
Malkist Cheese Flavoured Crunchy Layered Crackers,Packaged Food,
Makino Nacho Cheese Chips Can Pack,Packaged Food,
Makino Nacho Cheese Chips,Packaged Food,
Maggi Pazzta Cheese Macaroni,Packaged Food,
Kurkure Puffcorn Yummy Cheese,Packaged Food,
Godrej Yummiez Potato Cheese Bites,Packaged Food,
Doritos Nacho Cheese Flavour Chips,Packaged Food,
Doritos Nacho Cheese Flavour,Packaged Food,
Cornitos Nacho Crisps - Cheese & Herbs,Packaged Food,
Twinings Green Tea Lemon & Honey,Packaged Food,
Twinings Pure Green Tea,Packaged Food,
Twinings Darjeeling Loose Leaf Tea,Packaged Food,
Colombian Brew Instant Coffee Original,Packaged Food,
Colombian Brew Instant Coffee Nutty Hazelnut,Packaged Food,
Colombian Brew Instant Coffee Double Chocolate Mocha,Packaged Food,
Colombian Brew Instant Coffee Wild Vanilla,Packaged Food,
Colombian Brew Instant Coffee Creamy Caramel,Packaged Food,
Britannia Good Day Cashew Cookies,Packaged Food,
Parle Hide & Seek Chocolate Chip Cookies,Packaged Food,
Karachi's Fruit Biscuits,Packaged Food,
Parle Nutricrunch Digestive Cookies,Packaged Food,
Sunfeast Dark Fantasy Yumfills Cake,Packaged Food,
Britannia Good Day Chocochip Cookies,Packaged Food,
Unibic Choco Chip Cookies,Packaged Food,
Britannia Nice Time Coconut Biscuits,Packaged Food,
Sunfeast Mom's Magic Cashew & Almond Cookies,Packaged Food,
Parle 20-20 Gold Cashew Almond Cookies,Packaged Food,
Unibic Fruit & Nut Cookies,Packaged Food,
Unibic Cashew Badam Cookies,Packaged Food,
Britannia Little Hearts Classic Biscuits,Packaged Food,
Britannia Tiger Krunch Chocochips Biscuits,Packaged Food,
Patanjali Doodh Biscuits,Packaged Food,
Unibic Choco Nut Cookies,Packaged Food,
Unibic Choco Kiss Cookies,Packaged Food,
Malkist Chocolate Flavoured Crunchy Layered Crackers,Packaged Food,
Sunfeast Nice Sugar Sprinkled Biscuits,Packaged Food,
Munchy's Cream Crackers,Packaged Food,
Munchy's Vege Crackers,Packaged Food,
Cookie Man Almond Fingers,Packaged Food,
Cookie Man Assorted Cookies Tin,Packaged Food,
Cookie Man Hand Pound Chocolate Cookies,Packaged Food,
Sunfeast Mom's Magic Butter Cookies,Packaged Food,
Munchy's Wheat Crackers,Packaged Food,
Munchy's Sugar Crackers,Packaged Food,
Cookie Man Brownie Brittle,Packaged Food,
Lotus Biscoff Biscuit,Packaged Food,
Malkist Sugar Crackers,Packaged Food,
Cookie Man Brandy Snap Cookies,Packaged Food,
Cookie Man Nutty Magic Cookies,Packaged Food,
Tosita Baked Ragi Crackers,Packaged Food,
Tosita Baked Pita Chips Just Salted,Packaged Food,
Unibic Snappers Potato Crackers - Indi Spice,Packaged Food,
Unibic Snappers Potato Crackers - Cream N' Onion,Packaged Food,
Unibic Sugarfree Butter Cookies,Packaged Food,
Unibic Sugarfree Oatmeal Cookies,Packaged Food,
Orion O'Rice Cracker,Packaged Food,
Britannia Good Day Harmony,Packaged Food,
Parle-G Original Gluco Biscuits,Packaged Food,
Parle-G Gold Biscuits,Packaged Food,
Britannia Milk Bikis Biscuits,Packaged Food,
Britannia Marie Gold Biscuits,Packaged Food,
Britannia Vita Marie Gold Biscuits,Packaged Food,
Sunfeast Marie Light Biscuit,Packaged Food,
Parle Marie Biscuits,Packaged Food,
McVitie's Wholewheat Marie Biscuits,Packaged Food,
Parle Monaco Classic Regular Biscuit,Packaged Food,
Parle Krackjack Biscuits,Packaged Food,
Britannia 50-50 Maska Chaska Biscuits,Packaged Food,
Parle Monaco Cheeslings Classic,Packaged Food,
Bellie Cream Crackers Biscuit,Packaged Food,
Sunfeast Dark Fantasy Choco Fills Cookies,Packaged Food,
Lotte Choco Pie,Packaged Food,
Cadbury Oreo Original Biscuits - Value Pack,Packaged Food,
Bisky Bites Vanilla Magic Sandwich Biscuits,Packaged Food,
Britannia Jim Jam Cream Biscuits,Packaged Food,
Britannia Bourbon Sandwich Flavoured Biscuits,Packaged Food,
Cadbury Oreo Choco Crème Biscuits,Packaged Food,
Bisky Bites Chocolate Blast Sandwich Biscuits,Packaged Food,
Bisky Bites Bourbon Sandwich Biscuits,Packaged Food,
Sunfeast Dark Fantasy Choco Créme Biscuits,Packaged Food,
Sunfeast Dark Fantasy Vanilla Créme Biscuits,Packaged Food,
Dukes Bourbon Biscuits,Packaged Food,
Cadbury Oreo Cadbury Dipped,Packaged Food,
Parle Hide & Seek Caffé Mocha Biscuits,Packaged Food,
Cadbury Bournvita Chocolate Cookies,Packaged Food,
Bingo Mad Angles Cheese Nachos,Packaged Food,
Sunfeast Dark Fantasy Bourbon Biscuits,Packaged Food,
Cadbury Oreo Choco Cream Sandwich Biscuits Jumbo Pack,Packaged Food,
Bellie Chocolate Cream Sandwich Biscuits,Packaged Food,
Cadbury Oreo Red Velvet Biscuits,Packaged Food,
Britannia NutriChoice Digestive Hi-Fibre Biscuits,Packaged Food,
Sunfeast Farmlite 5 Grain Digestive Biscuit,Packaged Food,
Mcvitie's Digestive Biscuits,Packaged Food,
Britannia Toastea Premium Bake Rusk,Packaged Food,
Parle Real Elaichi Premium Rusk,Packaged Food,
Royal Toast,Packaged Food,
Kwality Maska Khari,Packaged Food,
Royal Maska Khari,Packaged Food,
Kwality Jeera Butter,Packaged Food,
Tosita Multi Grain Rusk,Packaged Food,
Tosita Wheat Khari,Packaged Food,
Tosita Milk Rusk,Packaged Food,
Tosita Maska Khari,Packaged Food,
Tosita Methi Khari,Packaged Food,
Tosita Kaju Rusk,Packaged Food,
Tosita Jeera Khari,Packaged Food,
Tosita Wheat Rusk,Packaged Food,
Tosita Bakery Maska Butter,Packaged Food,
Tosita Jeera Butter Bites,Packaged Food,
Bellie Cheese Cream Sandwich Biscuit,Packaged Food,
Tosita Baby Rusk Peri Peri,Packaged Food,
Tosita Baby Rusk Tandoori Marinade,Packaged Food,
Tosita Soupsticks,Packaged Food,
Dukes Waffy Choco Roll,Packaged Food,
Dukes Waffy Chocolate Flavoured Wafer Biscuits,Packaged Food,
Pickwick Creamy Wafer Biscuits - Strawberry,Packaged Food,
Dukes Waffy Orange Flavoured Wafer Biscuits,Packaged Food,
Dukes Waffy Strawberry Flavoured Wafer Biscuits,Packaged Food,
Dukes Waffy Strawberry Roll,Packaged Food,
Pickwick Creamy Wafer Biscuits - Chocolate,Packaged Food,
Dukes Waffy Vanilla Flavoured Wafer Biscuits,Packaged Food,
Pickwick Creamy Wafer Biscuits - Orange,Packaged Food,
Loacker Quadratini Chocolate Wafer Cookies,Packaged Food,
Loacker Quadratini Dark Chocolate Wafer Cookies,Packaged Food,
Loacker Quadratini Napolitaner Wafer Cookies,Packaged Food,
Loacker Quadratini Vanilla Wafer Cookies,Packaged Food,
The Belgian Waffle Crisps - Chocolate,Packaged Food,
The Belgian Waffle Crisps - Double Chocolate,Packaged Food,
Threptin Diskettes - Vanilla,Packaged Food,
Threptin Diskettes - Chocolate,Packaged Food,
Threptin Biscuits Vanilla,Packaged Food,
Nutrivalue Whole Ragi Health Vizkits Biscuits,Packaged Food,
Nutrivalue Dibeck Health Biscuits,Packaged Food,
Haldiram's Bhujia Sev,Packaged Food,
Haldiram's Aloo Bhujia,Packaged Food,
Chheda's Mix Farsan,Packaged Food,
Rajam Snacks Garlic Mixture,Packaged Food,
Haldiram's Khatta Meetha,Packaged Food,
Bikaji Bhujia,Packaged Food,
Chheda's Farali Potato Chivda,Packaged Food,
Haldiram's Moong Dal,Packaged Food,
Bikaji Soya Sticks,Packaged Food,
Haldiram's Mixture,Packaged Food,
Peppy Tomato Discs,Packaged Food,
Haldiram's Boondi,Packaged Food,
Bikaneri Shree Ram Bhujia,Packaged Food,
Jayshree Special Farsan,Packaged Food,
Chheda's Golden Mix,Packaged Food,
Sitashree Laxminarayan Best Chiwda,Packaged Food,
Rajam Snacks Madras Mixture,Packaged Food,
Chheda's Soya Snax,Packaged Food,
Haldiram's Panchratan Mixture,Packaged Food,
Rajam Mix Farsan,Packaged Food,
Sitashree Laxminarayan Cornflakes Chiwda,Packaged Food,
Chheda's Mora Sev,Packaged Food,
Rajam Snacks Tikha Gathiya,Packaged Food,
Garden Diet Bhel,Packaged Food,
Haldiram's Phalhari Chiwda,Packaged Food,
Garden Raita Boondi,Packaged Food,
Garden Diet Chivda,Packaged Food,
Kurkure Masala Munch,Packaged Food,
Sitashree Laxminarayan Best Potato Chiwda,Packaged Food,
Agrawal's 420 Khatta Meetha Mix,Packaged Food,
Kurkure Green Chutney Style,Packaged Food,
Charliee Masala Butter Chakli,Packaged Food,
Garden Sabudana Chivda,Packaged Food,
Kurkure Chilli Chatka,Packaged Food,
Taali Protein Masala Mania Puffs,Packaged Food,
Agrawal's 420 Laung Sev,Packaged Food,
Sun Special Masala Chakli,Packaged Food,
Agrawal's 420 Ujjaini Sev,Packaged Food,
Rajam Snacks Golden Mix,Packaged Food,
Taali Protein Cream & Onion Puffs,Packaged Food,
Taali Protein Tomato Basil Puffs,Packaged Food,
Agrawal's 420 Cornflakes Mixture,Packaged Food,
Sun Schezwan Sticks,Packaged Food,
Chheda's Yellow Banana Chips,Packaged Food,
Chheda's Golden Potato Chips - Lightly Salted,Packaged Food,
Lays American Cream & Onion Potato Chips,Packaged Food,
Lay's Indian Magic Masala Potato Chips,Packaged Food,
Chheda's Long Masala Banana Chips,Packaged Food,
Chheda's Salt-N-Pepper Banana Chips,Packaged Food,
Pringles Potato Chips - Original,Packaged Food,
Pringles Potato Chips - Sour Cream & Onion,Packaged Food,
Motas Potato Chips,Packaged Food,
Lays Classic Salted,Packaged Food,
Lay's Spanish Tomato Tango Potato Chips,Packaged Food,
Chheda's Tomato Banana Chips,Packaged Food,
Britannia Potazos Masti Masala,Packaged Food,
Rajam Snacks Yellow Banana Chips,Packaged Food,
Pringles Potato Chips - Peri Peri,Packaged Food,
Balaji Cream & Onion Wafers,Packaged Food,
Balaji Wafers Simply Salted,Packaged Food,
Balaji Sizzling Chilly Stack Up,Packaged Food,
Lay's Hot 'N' Sweet Chilli Potato Chips,Packaged Food,
Pringles Potato Chips - Desi Masala Tadka,Packaged Food,
Doritos Sweet Chilli Flavour Chips,Packaged Food,
Garden Potato Chips - Premium Salted,Packaged Food,
Bingo Mad Angles Achaari Masti,Packaged Food,
Balaji Simply Salted Stack Up,Packaged Food,
Tastilo Cheesy Crispy Nacho Chips,Packaged Food,
Wayback Baked Moong Chips - Chees N Herbs,Packaged Food,
Bingo Yumitos Chilli Sprinkled Potato Chips,Packaged Food,
Cornitos Nacho Crisps- Sizzlin Jalapeno,Packaged Food,
Lays Potato Chips - Sizzlin Hot,Packaged Food,
Balaji Tomato Flavour Potato Wafers,Packaged Food,
Lays Maxx Potato Chips - Peppery Cheddar,Packaged Food,
Tastilo Spicy Jalapeno Nacho Chips,Packaged Food,
Makino Nacho Jalapeno Chips,Packaged Food,
Lay's Wafer Style Potato Chips - Salt With Pepper,Packaged Food,
Bingo Mad Angles Very Peri Peri,Packaged Food,
Wayback Baked Bajra Chips - Spezieitalian,Packaged Food,
Wayback Baked Jowar Chips - Ginger Lemon,Packaged Food,
Wayback Baked Multigrain Chips - Tom Chi,Packaged Food,
Lay's Wafer Style Potato Chips - Sundried Chilli,Packaged Food,
Tastilo Nacho Chips - Cheesy Crispy,Packaged Food,
Tastilo Nacho Chips - Peri Peri,Packaged Food,
Makino Nacho Sweet Chilly Chips :  150 gms,Packaged Food,
Wayback Baked Barley Chips- Desi Tadka,Packaged Food,
Wingreens Naan Chips Butter Garlic,Packaged Food,
Tastilo Nacho Chips - Mexican Salsa,Packaged Food,
Cornitos Nacho Crisps - Tomato Mexicana,Packaged Food,
Tastilo Nacho Chips - Spicy Jalapeno,Packaged Food,
Makino Corn Twist Tomato,Packaged Food,
Makino Nacho Roasted Masala Chips,Packaged Food,
Wayback Baked Bajra Chips- Salt N Pepper : 150 gms,Packaged Food,
Makino Nacho Cream & Onion Corn Chips,Packaged Food,
Makino Red Chilli Chatka Corn Chips,Packaged Food,
Wingreens Naan Chips Chatpata Pudina,Packaged Food,
Makino Nacho Tomato Salsa Chips,Packaged Food,
Too Yumm Style Cream & Onion Potato Chips,Packaged Food,
Too Yumm Indian Masala Potato Chips,Packaged Food,
Shiv Shakti Sabudana Kurdai,Packaged Food,
Too Yumm Classic Salted Potato Chips,Packaged Food,
Makino Nacho Jalapeno Chips Can Pack,Packaged Food,
Chitale Bandhu Bakarwadi,Packaged Food,
Chheda's Diet Poha Chivda,Packaged Food,
Charliee Butter Chakli,Packaged Food,
Garden Nylon Sev,Packaged Food,
Chheda's Kachori,Packaged Food,
Kurkure Masala Munch Namkeen,Packaged Food,
Rajam Snacks Murukku,Packaged Food,
Panjwani's Skinwala Sing,Packaged Food,
Panjwani Roasted Brown Chana,Packaged Food,
Rajam Snacks Masala Murukku,Packaged Food,
Natural's Bite  Methi Masala Khakhra,Packaged Food,
Panjwani's White Sing,Packaged Food,
Rajam Snacks Chakli,Packaged Food,
Garden Mini Bhakarwadi,Packaged Food,
Makhanawala's Roasted Makhana (Foxnuts) Pudina Punch,Packaged Food,
Agrawal's 420 Hing Chana Tasty,Packaged Food,
Bikaji Falahari Mix,Packaged Food,
Panjwani Roasted Black Chana,Packaged Food,
Makhanawala's Roasted Makhana (Foxnuts) Peri-Peri,Packaged Food,
Makhanawala's Roasted Makhana (Foxnuts) Cream & Onion,Packaged Food,
Makhanawala's Roasted Makhana (Foxnuts) Spicy Indiana,Packaged Food,
Makhanawala's Roasted Makhana (Foxnuts) Himalayan Pink Salt,Packaged Food,
Charliee Sev Puri,Packaged Food,
Natural's Bite Jeera Masala Khakhra,Packaged Food,
Charliee Yellow Chana,Packaged Food,
Natural's Bite Multigrain Khakhra,Packaged Food,
Tong Garden Party Snack,Packaged Food,
Charliee Tea Time Puri,Packaged Food,
Jabsons Methi Khakhra,Packaged Food,
Makhanawala's Roasted Makhana (Foxnuts) Spicy Black Salt,Packaged Food,
Natural's Bite Ragi Khakhra,Packaged Food,
Jaine Methi Masala Khakhra,Packaged Food,
Natural's Bite Mahableshwar Chana,Packaged Food,
Agrawal's 420 Fiki Nukti (Boondi),Packaged Food,
Jabsons Chilly Garlic Khakhra,Packaged Food,
Jabsons Bajra Methi Khakhra,Packaged Food,
Tong Garden Salted Sunflower Seeds,Packaged Food,
Tong Garden Roasted Pumpkin Kernels,Packaged Food,
Jaine Jeera Khakhra,Packaged Food,
Jabsons Jeera Khakhra,Packaged Food,
Jabsons Punjabi Masala Khakhra,Packaged Food,
Jaine Masala Khakhra,Packaged Food,
Tong Garden Paprika Pumpkin Seeds,Packaged Food,
Too Yumm Karare Baked Masala Munchy,Packaged Food,
Too Yumm Karare Baked Noodle Masala,Packaged Food,
Tong Garden Roasted Sunflower Kernels,Packaged Food,
Garden Yellow Banana Chips,Packaged Food,
Tong Garden BBQ Sunflower Spicy,Packaged Food,
Tong Garden Salted Peanuts,Packaged Food,
Tong Garden Salted Pumpkin Seeds,Packaged Food,
Tong Garden BBQ Flavour Coated Broad Bean,Packaged Food,
Tong Garden Salted Cocktail Nuts,Packaged Food,
Haldiram's Fine Bhel Sev,Packaged Food,
Lijjat Udad Papad,Packaged Food,
Lijjat Garlic Papad,Packaged Food,
Lijjat Punjabi Masala Papad,Packaged Food,
Chheda's Bhel Mix,Packaged Food,
Appu Appalam Papad,Packaged Food,
Lijjat Moong Papad,Packaged Food,
Haldiram's Tasty Nuts,Packaged Food,
Haldiram's Mini Bhakarwadi,Packaged Food,
Royal Peanut Chikki,Packaged Food,
Lijjat Udad Mini Papad,Packaged Food,
Royal Udad Papad Mini,Packaged Food,
Sun Yellow Chana,Packaged Food,
Rajam Snacks Mangalore Mixture,Packaged Food,
Act II Classic Salted Popcorn,Packaged Food,
Piknik Classic Tomato Chilli Sticks,Packaged Food,
Act II Microwave Popcorn - Butter,Packaged Food,
Rajam Snacks Tukda Masala Murukku,Packaged Food,
Natural's Bite Pani Puri Papad,Packaged Food,
Charliee Plain Salted Peanuts,Packaged Food,
Act II Golden Sizzle Popcorn,Packaged Food,
Sitashree Laxminarayan Mix Farsan,Packaged Food,
Act II Butter Delite Popcorn,Packaged Food,
Rajam Snacks Fry Masala Groundnut,Packaged Food,
Makhanawala's Himalayan Pink Salt Makhana,Packaged Food,
Jabsons Roasted Peanuts Classic Salted,Packaged Food,
Natural's Bite Sabudana Upwas Papad,Packaged Food,
Makhanawala's Peri-Peri Makhana,Packaged Food,
Jabsons Roasted Peanuts Nimboo Pudina,Packaged Food,
Charliee Rajgira Laddu,Packaged Food,
Makhanawala's Cream & Onion Makhana,Packaged Food,
Sun Rajgira Chikki,Packaged Food,
Shiv Shakti's Makhana,Packaged Food,
Makhanawala's Roasted Salt-N-Pepper Foxnuts,Packaged Food,
Makhanawala's Spicy Treat Makhana,Packaged Food,
Jabsons Roasted Peanuts Spicy Masala,Packaged Food,
Act II Butter Pepper Popcorn,Packaged Food,
Natural's Bite Roasted Yellow Chana,Packaged Food,
Jabsons Roasted Peanuts Hing Jeera,Packaged Food,
Jabsons Roasted Peanuts Black Pepper,Packaged Food,
Sitashree Laxminarayan Lite Chiwda,Packaged Food,
Charliee Rajgira Chikki,Packaged Food,
Sitashree Laxminarayan Shabuflakes Chiwda,Packaged Food,
Mother's Recipe Sabudana Papad With Sendha Namak,Packaged Food,
Act II Movie Theatre Butter Flavour Popcorn,Packaged Food,
Shiv Shakti's Sabudana Mini Papad,Packaged Food,
Act II Tandoori Tadka Popcorn,Packaged Food,
Act II Tomato Chilli Popcorn,Packaged Food,
Act II Microwave Popcorn - Original,Packaged Food,
Sitashree Laxminarayan Patal Poha Chiwda,Packaged Food,
Charliee Peanut Laddu,Packaged Food,
Shiv Shakti's Rice Papad,Packaged Food,
Too Yumm Sour Cream & Onion Veggie Stix,Packaged Food,
Sun Mix Fryums,Packaged Food,
Charliee Butter Scotch Chikki,Packaged Food,
Charliee Kurmura Laddu,Packaged Food,
Charliee 3 In 1 Peanut Chikki,Packaged Food,
Rajam Snacks Tukda Murukku,Packaged Food,
McCain French Fries,Packaged Food,
Safal Green Peas (Frozen),Packaged Food,
Freshezza Frozen Green Peas,Packaged Food,
Godrej Yummiez Frozen Green Peas,Packaged Food,
McCain Chilli Garlic Potato Bites,Packaged Food,
Godrej Yummiez French Fries,Packaged Food,
McCain Veggie Fingers,Packaged Food,
McCain Aloo Tikki,Packaged Food,
McCain Smiles - Crispy Happy Potatoes,Packaged Food,
McCain Chilli Cheesy Nuggets,Packaged Food,
McCain Veggie Burger Patty,Packaged Food,
Prasuma Mixed Veg Frozen Momos,Packaged Food,
Godrej Yummiez Green Peas,Packaged Food,
Sumeru Piri Piri Masala French Fries - Crispy & Spicy,Packaged Food,
McCain Variety Pack - 3 Packs Inside,Packaged Food,
Prasuma Cheesy Spicy Veg Frozen Momos,Packaged Food,
ITC Master Chef Veggie Pizza Pocket,Packaged Food,
Mccain Emotibites,Packaged Food,
ITC Master Chef Veg Burger Patty,Packaged Food,
Godrej Yummiez Crispy Veg Sticks,Packaged Food,
ITC Master Chef Chilli Garlic Potato Shots,Packaged Food,
Prasuma Vegetable Frozen Momos,Packaged Food,
Godrej Yummiez Veg Masala Nuggets,Packaged Food,
Sumeru Vegetable Spring Rolls,Packaged Food,
Switz Samosa Dough Sheet,Packaged Food,
Safal Frozen Mixed Vegetables,Packaged Food,
Switz Spring Roll Dough Sheet,Packaged Food,
ID Wheat Lachha Paratha,Packaged Food,
Godrej Yummiez Veg Burger Patty,Packaged Food,
ITC Master Chef Cheesy Corn Triangles,Packaged Food,
ITC Masterchef Lebanese Falafel Kebab,Packaged Food,
Safal Hara Bhara Kabab,Packaged Food,
Sumeru Malabar Paratha,Packaged Food,
Safal Frozen French Fries,Packaged Food,
Mccain Emoti Bites,Packaged Food,
ITC Master Chef Hara Bhara Kebab 210 gms,Packaged Food,
Sumeru Chilli Garlic Masala French Fries,Packaged Food,
ITC Master Chef Alphabytes,Packaged Food,
4700 BC Butter Microwave Popcorn,Packaged Food,
4700 BC Himalayan Salt Caramel Gourmet Popcorn,Packaged Food,
Act II Butter Delite Flavour Popcorn,Packaged Food,
4700 BC Nutty Tuxedo Chocolate Gourmet Popcorn,Packaged Food,
4700 BC Barbeque Microwave Popcorn,Packaged Food,
4700 BC Natural Microwave Popcorn,Packaged Food,
4700 BC Instant Butter Popcorn,Packaged Food,
4700 BC Instant Barbeque Popcorn,Packaged Food,
4700 BC Instant Seven Spices Popcorn,Packaged Food,
4700 BC Instant Natural Popcorn,Packaged Food,
Kellogg's Corn Flakes Original,Packaged Food,
Kellogg's Chocos,Packaged Food,
Nutri Delite Chocoflakes,Packaged Food,
Kellogg's Chocos Variety Pack,Packaged Food,
Bagrry's Corn Flakes,Packaged Food,
Kellogg's Crunchy Granola Almonds & Cranberries,Packaged Food,
Kellogg's Chocos Fills,Packaged Food,
Kellogg's Chocos Crunchy Bites,Packaged Food,
Kellogg's All Bran Wheat Flakes,Packaged Food,
Kellogg's Froot Loops Cereal,Packaged Food,
Kwality Corn Flakes Pouch,Packaged Food,
Soulfull Ragi Bites Choco Fills,Packaged Food,
Kwality Cornflakes Combi Pack,Packaged Food,
Soulfull Ragi Bites Vanilla Fills,Packaged Food,
Nutri Delite Variety Pack,Packaged Food,
Quaker Oats,Packaged Food,
Saffola Masala Oats Veggie Twist,Packaged Food,
Bagrry's White Oats,Packaged Food,
Kellogg's Oats,Packaged Food,
Nutri Delite Oats,Packaged Food,
Saffola Masala Oats Peppy Tomato,Packaged Food,
Saffola Masala Oats Classic,Packaged Food,
Yogabar Dark Chocolate Oats,Packaged Food,
Yogabar Veggies Masala Oats,Packaged Food,
Kellogg's Muesli Fruit And Nut,Packaged Food,
Gaia Crunchy Muesli,Packaged Food,
Kellogg's Muesli Nuts Delight,Packaged Food,
Gaia Crunchy Muesli Mixed Fruit,Packaged Food,
Bagrry's Crunchy Muesli with Almonds-Raisins-Honey,Packaged Food,
Yoga Bar Muesli Drk Choco Cranbery,Packaged Food,
Yoga Bar Muesli Fruits Nuts And Seeds,Packaged Food,
Kellogg's Honey Almond Pumpkin Seeds Granola,Packaged Food,
Yoga Bar Muesli - Almond + Quinoa Crunch,Packaged Food,
Munchilicious Granola - Original,Packaged Food,
Munchilicious Granola - Dark Chocolate,Packaged Food,
Munchilicious Granola - Dried Fruits,Packaged Food,
Tata Soulfull Millet Muesli - Crunchy,Packaged Food,
Tata Soulfull Millet Muesli - Fruit and Nut,Packaged Food,
Cadbury Dairy Milk Home Treats Chocolate,Packaged Food,
Cadbury Choclairs Gold Pouch,Packaged Food,
Amul Chocominis Chocolate Box,Packaged Food,
Nestle Kitkat Chocolate,Packaged Food,
Amul Dark Chocolate,Packaged Food,
Cadbury Dairy Milk Silk Fruit & Nut Chocolate,Packaged Food,
Cadbury 5 Star Home Treat Chocolate,Packaged Food,
Nestle Munch Share Bag,Packaged Food,
Cadbury Dairy Milk Silk Chocolate,Packaged Food,
Ferrero Rocher - 16 Pieces,Packaged Food,
Cadbury Dairy Milk Silk Home Treats,Packaged Food,
Amul Fruit 'N' Nut Dark Chocolate,Packaged Food,
Cadbury Dairy Milk,Packaged Food,
Cadbury Gems Minis,Packaged Food,
Ferrero Rocher - 24 Pieces,Packaged Food,
Cadbury Dairy Milk Chocolate,Packaged Food,
Cadbury Dairy Milk Silk Bubbly Chocolate,Packaged Food,
Morde Dark Compound (CO D15),Packaged Food,
Parle Melody Chocolaty,Packaged Food,
Bounty Miniatures Chocolate,Packaged Food,
Amul India Twilight Tryst Dark Chocolate,Packaged Food,
Snickers Veg Chocolate,Packaged Food,
Kinder Joy Blue,Packaged Food,
Cadbury Fuse Home Treats,Packaged Food,
Candyman Choco Double Eclairs,Packaged Food,
Cadbury Gems Surprise - Ball,Packaged Food,
Cadbury Dairy Milk Silk Oreo Chocolate,Packaged Food,
Kinder Joy Pink,Packaged Food,
Yoga Bar 20G Protein Bar - Almond Fudge,Packaged Food,
Snickers Home Pack,Packaged Food,
Yoga Bar Breakfast Protein Bar - Apricot Fig,Packaged Food,
Didier & Frank Crunchy Hazelnut Dark Chocolate,Packaged Food,
Cadbury Dairy Milk Crackle Chocolate,Packaged Food,
Morde Dark Chocolate (CH D45),Packaged Food,
Amul Almondo Chocolate Coated Almonds,Packaged Food,
Nestle Kitkat Bar 4 Finger,Packaged Food,
Yoga Bar Breakfast Protein Bar - Blueberry Pie,Packaged Food,
Morde Milk Compound (CO M21 ),Packaged Food,
Didier & Frank Wicked Dark 85% Dark Chocolate,Packaged Food,
Cadbury Dairy Milk Fruit & Nut Chocolate,Packaged Food,
Hershey's Kisses Almond Chocolate Pouch,Packaged Food,
Didier & Frank Roasted Almond Dark Chocolate,Packaged Food,
Hershey's Kisses Milk Chocolate Pouch,Packaged Food,
Yoga Bar Multigrain Energy Bar - Nuts & Seeds,Packaged Food,
Ferrero Rocher - 4 Pieces,Packaged Food,
Didier & Frank Spanish Orange Dark Chocolate,Packaged Food,
Yoga Bar Multigrain Energy Bar - Chocolate Chunk Nut,Packaged Food,
Amul Milk Chocolate,Packaged Food,
Morde White Compound (CO W33),Packaged Food,
Luvit Chocwich White Home Delight Pouch,Packaged Food,
Didier & Frank Intense Dark 75% Dark Chocolate,Packaged Food,
Cadbury 5 Star Chocolate,Packaged Food,
Flying Bird Vanilla Essence,Packaged Food,
Bounty Chocolate,Packaged Food,
Cadbury Dairy Milk Silk Bubbly Bubble Gum Chocolate,Packaged Food,
Kinder Creamy Milky & Crunchy,Packaged Food,
Luvit Loca Choco Caramel Home Delights Pack,Packaged Food,
Cadbury Gems DUO Pack,Packaged Food,
Nestle Classic Home Treat Chocolate,Packaged Food,
Hershey's Kisses Cookies & Crème Chocolate Pouch,Packaged Food,
Hershey's Blueberry & Acai Flavored Chocolate,Packaged Food,
Nestle Munch Chocolate,Packaged Food,
Christopher Double Chocolate Hot Cocoa Mix,Packaged Food,
Cadbury Perk Double Glucose Chocolate,Packaged Food,
Luvit Chocwich Home Delights Pouch,Packaged Food,
Toblerone Dark Chocolate,Packaged Food,
Didier & Frank Crunchy Hazelnut Milk Chocolate,Packaged Food,
Toblerone Fruit & Nut Chocolate,Packaged Food,
Didier & Frank Rich & Creamy Milk Chocolate,Packaged Food,
Galaxy Milk Chocolate With Fruit & Nut,Packaged Food,
Didier & Frank Roasted Almond Milk Chocolate,Packaged Food,
Didier & Frank Hot Chocolate With Dark Chocolate Buttons,Packaged Food,
Hershey's Dark Pomegranate Flavored Chocolate,Packaged Food,
Hershey's Exotic Dark Almond Blackberry Flavor Chocolate,Packaged Food,
Hershey's Exotic Dark Almond Guava Mexican Chili Flavor Chocolate,Packaged Food,
Toblerone Crunchy Almonds Chocolate,Packaged Food,
Galaxy Milk Chocolate With Cookie Crumble,Packaged Food,
Ferrero Rocher Moments,Packaged Food,
Nestle L'Atelier Cranberries Almonds Dark Chocolate,Packaged Food,
Christopher Cocoa White Chocolate Chips,Packaged Food,
Hershey's Cookies N Crème Chocolate Bar,Packaged Food,
Hershey's Whole Almonds Chocolate Bar,Packaged Food,
Toblerone White Chocolate,Packaged Food,
Hershey's Creamy Milk Chocolate Bar,Packaged Food,
Toblerone Tiny Milk Chocolate Bag,Packaged Food,
Toblerone Tiny Dark Chocolate Bag,Packaged Food,
Cadbury Silk 24 Luxurious Pralines,Packaged Food,
Cadbury Dairy Milk Silk 16 Luxurious Pralines,Packaged Food,
Cadbury Dairy Milk Silk 24 Premium Miniatures,Packaged Food,
Cadbury Celebrations,Packaged Food,
Cadbury Celebrations,Packaged Food,
Galaxy Shubh Avsar Miniatures,Packaged Food,
Nature Valley Oats & Dark Chocolate Granola Bar : 42 gms,Packaged Food,
Nature Valley Roasted Almond Granola Bar : 42 gms,Packaged Food,
Cadbury Celebrations Rich Dryfruit,Packaged Food,
Medley Premium Chocolates Pack,Packaged Food,
Lindt Milk Ball Lindor,Packaged Food,
Lindt Excellence Intense Orange Dark Chocolate,Packaged Food,
Lindt Excellence 70% Cocoa Dark Chocolate,Packaged Food,
Lindt Excellence 85% Cocoa Dark Chocolate,Packaged Food,
Lindt Excellence 90% Cocoa Dark Chocolate,Packaged Food,
Kinder Joy With Surprise,Packaged Food,
Kinder Joy Gift Pack,Packaged Food,
Milka Tablet Milka LU,Packaged Food,
Cadbury Dairy Milk Bites Almond Chocolates,Packaged Food,
Cadbury Dairy Milk Bites Hazelnut Chocolates,Packaged Food,
Kissan Fresh Tomato Ketchup,Packaged Food,
Home Chef Tomato Ketchup,Packaged Food,
Del Monte Tomato Ketchup,Packaged Food,
Surabhi D-Lite Tomato Ketchup No Onion No Garlic,Packaged Food,
Maggi Rich Tomato Ketchup,Packaged Food,
Veeba Tomato Ketchup,Packaged Food,
Maggi Tomato Ketchup Pichkoo,Packaged Food,
Veeba No Onion Garlic Tomato Ketchup,Packaged Food,
Kissan Chotu Fresh Tomato Ketchup,Packaged Food,
Veeba Truly Tomato Ketchup Bottle,Packaged Food,
Maggi Hot & Sweet Tomato Chilli Sauce,Packaged Food,
Kissan No Onion No Garlic Tomato Sauce,Packaged Food,
Ching's Red Chilli Sauce,Packaged Food,
Ching's Soy Sauce,Packaged Food,
Funfoods Pasta & Pizza Sauce,Packaged Food,
Maggi Rich Tomato No Onion No Garlic Sauce,Packaged Food,
Wingreens Pizza & Pasta Sauce,Packaged Food,
Wingreens Cheesy Sauce,Packaged Food,
Ching's Green Chilli Sauce,Packaged Food,
Veeba Pasta & Pizza Sauce,Packaged Food,
Knorr Schezwan Sauce Pouch,Packaged Food,
Knorr Pizza & Pasta Sauce Pouch,Packaged Food,
Sriracha Hot Chili Sauce,Packaged Food,
Veeba Schezwan Stir Fry Sauce,Packaged Food,
Tabasco Red Pepper Sauce,Packaged Food,
Amul Cheese Sauce Pizza,Packaged Food,
American Garden BBQ Sauce Original,Packaged Food,
Amul Cheese Sauce Jalapeno,Packaged Food,
Sriracha Hot Chili Sauce,Packaged Food,
Amul Cheese Sauce Green Chutney,Packaged Food,
Tabasco Mild Green Pepper Sauce,Packaged Food,
Ragu Traditional Pasta Sauce,Packaged Food,
American Garden Pizza Sauce Jar,Packaged Food,
Sriracha Chili Garlic Sauce,Packaged Food,
Barilla Olive With 100% Italian Tomatoes,Packaged Food,
Ragu Pizza Sauce,Packaged Food,
Ragu Tomato Garlic & Onion Pasta Sauce,Packaged Food,
Ragu Garden Combination Chunky Sauce,Packaged Food,
Ragu Super Chunky Mushroom Pasta Sauce,Packaged Food,
Wingreens Tandoori Sauce Tube,Packaged Food,
Wingreens Honey Mustard Tube,Packaged Food,
Wingreens Mint Mayo Tube,Packaged Food,
Wingreens Thousand Island Tube,Packaged Food,
Wingreens Butter Garlic Naan Chip & Makhani Dip,Packaged Food,
Wingreens Chatpata Pudina Naan Chip & Tandoori Dip,Packaged Food,
Naagin Indian Hot Sauce - Original,Packaged Food,
Naagin Indian Hot Sauce - Smoky Bhoot,Packaged Food,
Naagin Indian Hot Sauce - Kantha Bomb,Packaged Food,
Ching's Schezwan Chutney,Packaged Food,
Ruchira Special Khatti Mithhi Imli Chutney,Packaged Food,
Ruchira Special Chaupati Pani Puri Chutney,Packaged Food,
Pravin Red Chilli Thecha Kolhapuri Style,Packaged Food,
Veeba Garlic Chilli Chutney,Packaged Food,
Ching's Chilli Vinegar,Packaged Food,
Kalvert White Vinegar,Packaged Food,
Borges Apple Cider Vinegar With The Mother,Packaged Food,
American Garden Apple Cider Vinegar,Packaged Food,
Kalvert Red Vinegar,Packaged Food,
Kissan Mixed Fruit Jam,Packaged Food,
Mala's Jambo Mix Fruit Jam Jar,Packaged Food,
Meal Time Mixed Fruit Jam,Packaged Food,
Bhuira Strawberry Preserve,Packaged Food,
Bhuira Bitter Orange Preserve,Packaged Food,
Bhuira Black Grape Preserve,Packaged Food,
Bhuira Marmalade 3 Fruit Preserve,Packaged Food,
Dana Mixed Fruit Jam,Packaged Food,
Nutella Hazelnut Spread with Cocoa,Packaged Food,
Hershey's Choco Spreads Cocoa With Almond,Packaged Food,
Veeba Peanut Crunchy Butter,Packaged Food,
Veeba Peanut Creamy Butter,Packaged Food,
Hershey's Choco Spreads Cocoa,Packaged Food,
Funfoods Peanut Butter Crunchy,Packaged Food,
Funfoods Peanut Butter Creamy,Packaged Food,
Pintola Peanut Butter Crunchy Unsweetened,Packaged Food,
Pintola Peanut Butter Creamy Unsweetened,Packaged Food,
Funfoods Chocolate Spread Fudge,Packaged Food,
Veeba Cheesy Spread & Dressing,Packaged Food,
Hershey's Spreads Cocoa With Cookies,Packaged Food,
Pillsbury Milk Choco Spread Jar,Packaged Food,
Lotus Biscoff Original Spread,Packaged Food,
Lotus Biscoff Crunchy Spread,Packaged Food,
Dabur Honey,Packaged Food,
Dabur Honey Squeezy Pack,Packaged Food,
Patanjali Honey,Packaged Food,
Apis Himalaya Honey,Packaged Food,
Saffola Honey Glass Jar,Packaged Food,
Phondaghat Honey,Packaged Food,
24 Mantra Organic Wild Honey,Packaged Food,
Baidyanath Honey,Packaged Food,
Organic India Multi Floral Honey,Packaged Food,
Veeba Eggless Mayonnaise,Packaged Food,
Funfoods Veg Mayonnaise,Packaged Food,
Wingreens Premium Veg Mayo,Packaged Food,
Hellmann's Real Mayonnaise,Packaged Food,
Del Monte Eggless Mayo Pouch,Packaged Food,
Funfoods Veg Mayonnaise - Garlic,Packaged Food,
Funfoods Eggless Mayonnaise for Burger,Packaged Food,
Wingreens Italian Herb Mayo,Packaged Food,
Veeba Mint Mayonnaise,Packaged Food,
Veeba Eggless Garlic Mayonnaise,Packaged Food,
Veeba Chipotle Southwest Dressing,Packaged Food,
Veeba Thousand Island Dressing,Packaged Food,
Veeba Peri Peri Sauce,Packaged Food,
Funfoods Pizza Topping,Packaged Food,
Veeba Chilli Oregano Sauce,Packaged Food,
Veeba Thousand Island Sandwich Spread,Packaged Food,
American Garden U.S. Mustard Sauce,Packaged Food,
Wingreens Cheesy Chipotle Sauce Tube,Packaged Food,
St. Dalfour Wild Blueberry,Packaged Food,
St. Dalfour Four Fruits,Packaged Food,
St. Dalfour Strawberry,Packaged Food,
Dana Strawberry Jam,Packaged Food,
Maggi Masala Veg Atta Noodles,Packaged Food,
Sunfeast Yippee Noodles Magic Masala,Packaged Food,
Top Ramen Masala Noodles,Packaged Food,
Maggi Oats Masala Noodles,Packaged Food,
Top Ramen Curry Noodles,Packaged Food,
Maggi No Onion No Garlic Masala Noodles,Packaged Food,
Maggi Special Masala Noodles,Packaged Food,
Sunfeast Yippee Magic Masala Noodles,Packaged Food,
Ching's Schezwan Instant Noodles,Packaged Food,
Ching's Manchurian Instant Noodles,Packaged Food,
Saffola Oodles Yummy Masala,Packaged Food,
Ching's Hot Garlic Instant Noodles,Packaged Food,
Inchi Veg Chow Mein Noodles,Packaged Food,
Nongshim Shin Ramyun Korean Style Noodles,Packaged Food,
Nongshim Kimchi Ramyun Korean Style Noodles,Packaged Food,
Nongshim Shin Red Super Spicy Korean Style Noodles,Packaged Food,
Slurrp Farm Foxtail Millet Noodles,Packaged Food,
Slurrp Farm Little Millet Noodles,Packaged Food,
Maggi 2-Minute Masala Noodles,Packaged Food,
Ching's Veg Hakka Noodles,Packaged Food,
Inchi Veg Hakka Noodles,Packaged Food,
Borges Penne Rigate Durum Wheat Pasta,Packaged Food,
Borges Fusilli Durum Wheat Pasta,Packaged Food,
Act II Cheese Flavour Popcorn,Packaged Food,
Borges Spaghetti Durum Wheat Pasta,Packaged Food,
Blue Bird Penne Pasta,Packaged Food,
Maggi Pazzta Masala Penne,Packaged Food,
Blue Bird Elbow Macaroni Pasta,Packaged Food,
Homechef Macaroni Elbow Pasta,Packaged Food,
Borges Farfalle Durum Wheat Pasta,Packaged Food,
Blue Bird Fusilli Pasta,Packaged Food,
Sunfeast Yippee Masala Pasta,Packaged Food,
4700 BC Cheese Microwave Popcorn,Packaged Food,
Sunfeast Yippee Creamy Corn Tricolor Pasta,Packaged Food,
Barilla Spaghetti,Packaged Food,
Barilla Fusilli Pasta,Packaged Food,
Home Chef Pasta Macaroni Elbow,Packaged Food,
Barilla Penne Rigate,Packaged Food,
Borges Mini Penne Rigate Durum Wheat Pasta,Packaged Food,
Barilla Farfalle,Packaged Food,
Borges Mini Fusilli Durum Wheat Pasta,Packaged Food,
Pink Harvest Farms Chickpea Fusilli Pasta,Packaged Food,
Pink Harvest Farms Red Lentil Penne Pasta,Packaged Food,
MTR Vermicelli,Packaged Food,
Bambino Roasted Vermicelli,Packaged Food,
Home Chef Roasted Vermicelli,Packaged Food,
Premium Seviyan Roasted,Packaged Food,
Bambino Plain Vermicelli,Packaged Food,
Home Chef Vermicelli,Packaged Food,
Concord Rice Sevai,Packaged Food,
MTR Roasted Vermicelli,Packaged Food,
Royal Udad Papad,Packaged Food,
Royal Punjabi Masala Papad,Packaged Food,
Ganesh Bikaneri Special Moong Papad,Packaged Food,
Ganesh Chana Masala Papad,Packaged Food,
Mother's Recipe Potato Papad,Packaged Food,
Bikaneri Mahesh Papad,Packaged Food,
Ganesh Appalam Papad,Packaged Food,
Ganesh Punjabi Masala Papad,Packaged Food,
Ganesh Rice Crispie Jeera Papad,Packaged Food,
Garden Mini Bhakharwadi,Packaged Food,
Ganesh Mini Udad Papad,Packaged Food,
Jain Moong Sada Papad,Packaged Food,
Ganesh Udad Papad,Packaged Food,
Ganesh Garlic Papad,Packaged Food,
Jain DLS Chana Masala Papad,Packaged Food,
Ganesh Rice Crispie Garlic Papad,Packaged Food,
Ganesh Rice Crispie Green Chilli Papad,Packaged Food,
Sun Bulbul Fryums,Packaged Food,
Ganesh Rice Crispie Red Chilli Papad,Packaged Food,
Shiv Shakti's Tikha Potato Papad,Packaged Food,
Shiv Shakti's Bulbul Fryums,Packaged Food,
Shiv Shakti's Plain Potato Papad,Packaged Food,
Talod Dahiwada Mix,Packaged Food,
Gits Gulab Jamun Mix,Packaged Food,
MTR Rava Idli Mix,Packaged Food,
ID Idly & Dosa Batter Mix,Packaged Food,
Chitale Bandhu Instant Gulab Jamun Mix,Packaged Food,
Chitale Instant Khaman Mix,Packaged Food,
Betty Crocker Complete Pancake Mix,Packaged Food,
Talod Nylon Khaman Mix Flour,Packaged Food,
Et-Mi Falooda Mix Rose Flavour,Packaged Food,
Gits Khaman Dhokla Mix,Packaged Food,
Agrawal's 420 Moong Bhajiya (Pakodi) Instant Mix,Packaged Food,
Talod Nylon Khaman Mix Flour,Packaged Food,
Talod Handwa Mix Flour,Packaged Food,
Jalani Mini Pani Puri Magic,Packaged Food,
MTR Multigrain Dosa Mix,Packaged Food,
Harnik Caramel Pudding Mix,Packaged Food,
MTR 3 Minute Breakfast Regular Poha,Packaged Food,
MTR Dosa Mix,Packaged Food,
MTR 3 Minute Breakfast Vegetable Upma,Packaged Food,
Chitale Gulabjam Mix,Packaged Food,
Chitale Khaman Mix,Packaged Food,
Aashirvaad Gulab Jamun Instant Mix,Packaged Food,
Pillsbury Vanilla Flavoured Custard Powder,Packaged Food,
Et-Mi Basundi Mix,Packaged Food,
Gits Basundi Mix,Packaged Food,
Blue Bird Custard Powder Vanilla,Packaged Food,
ID Malabar Parota,Packaged Food,
Weikfield Custard Powder Vanilla,Packaged Food,
Chitale Bandhu Gulabjam,Packaged Food,
Et-Mi Ice Cream Mix Kesar Pista Flavour,Packaged Food,
MTR Upma Mix,Packaged Food,
ID Homestyle Whole Wheat Paratha,Packaged Food,
MTR Gulab Jamun Ready Mix,Packaged Food,
Et-Mi Ice Cream Mix Vanilla Flavour,Packaged Food,
Pillsbury Choco Cooker Cake Mix,Packaged Food,
Pillsbury Rich Choco Oven Cake Mix Egg-Free,Packaged Food,
MTR Vada Mix,Packaged Food,
GoodDot Plant-Based Eggless Bhurji Kit : 100 gms,Packaged Food,
Blue Bird China Grass Kesar Pista,Packaged Food,
Blue Bird Active Dry Yeast,Packaged Food,
Betty Crocker Triple Choco Brownie Mix,Packaged Food,
GoodDot Plant-Based UnMutton,Packaged Food,
Gits Kesar Kulfi Mix,Packaged Food,
Christopher Cocoa Instant Active Dry Yeast,Packaged Food,
Talod Gota Mix Flour,Packaged Food,
Brown & Polson Custard Powder - Vanilla,Packaged Food,
Gooddot Vegetarian Biryani,Packaged Food,
Gooddot Vegetarian Pulao,Packaged Food,
GoodDot Plant-Based Eggless Bhurji Kit,Packaged Food,
Satyam Rajgira Puff,Packaged Food,
Real Thai Green Curry Paste,Packaged Food,
Real Thai Red Curry Paste,Packaged Food,
Veeba Salsa Tomato Sauce,Packaged Food,
Heidi Dark Chocolate - Espresso,Packaged Food,
Heidi Dark Vegan Chocolate - Extreme 85%,Packaged Food,
Heidi Dark Vegan Chocolate - Cranberry,Packaged Food,
Heidi Dark Chocolote - Lemon & Mint,Packaged Food,
Heidi Dark Chocolate - Orange,Packaged Food,
Heidi Dark Vegan Chocolate - Intense 75%  :,Packaged Food,
Karachi's Besan Mysore Pak,Packaged Food,
Natural's Bite Aam Papad Cubes,Packaged Food,
Chandan 4 In 1 Mix Mouth Freshener,Packaged Food,
Luvit Chocorich Eclairs Party Pack,Packaged Food,
Phondaghat Amla Candy,Packaged Food,
Gula Gula Orange Candy,Packaged Food,
Parle Grand Londonderry Caramelised Milk Candy,Packaged Food,
Natural's Gulkand Shahi Paan,Packaged Food,
Natural's Bite Honey Amla,Packaged Food,
Jelly Mazza Fruity Pops Orange,Packaged Food,
Jelly Mazza Fruity Strawberry Chews,Packaged Food,
Parle Kismi Toffee,Packaged Food,
Jelly Mazza Fruity Pops Grape,Packaged Food,
Chandan Anardana Punch,Packaged Food,
Natural's Bite Meetha Amla,Packaged Food,
Gula Gula Lemon Candy,Packaged Food,
Natural's Bite Meethi Imli,Packaged Food,
Skittles Original Candies,Packaged Food,
Jelly Mazza Guava Fruity Chews,Packaged Food,
Gula Gula Kaccha Mango Flavour,Packaged Food,
Frumato Pulpy Fruit Chew Strawberry,Packaged Food,
Cadbury Choclairs Gold Pouch,Packaged Food,
Orbit Spearmint Sugar Free Chewing Gum,Packaged Food,
Chandan Mango Tango,Packaged Food,
Chandan Jamun Vati,Packaged Food,
Alpenliebe Eclairs Choco Caramel Pouch,Packaged Food,
Wrigley's Orbit Mixed Fruit Sugar Free Chewing Gum,Packaged Food,
Skittles Wild Berry Candies,Packaged Food,
Chandan Grape Tangy,Packaged Food,
Natural's Bite Mint Variyali,Packaged Food,
Kopiko Cappuccino Coffee Candies,Packaged Food,
Wrigley's Double Pepper Mints,Packaged Food,
Wrigley's Double Lemon Mints,Packaged Food,
Tic Tac Mint,Packaged Food,
Tic Tac Apple Treat,Packaged Food,
Tic Tac Orange Flavoured,Packaged Food,
Tic Tac Saunf Flavour,Packaged Food,
Orbit Raw Mango Flavour Sugar Free Chewing Gum Tube,Packaged Food,
Haldiram's Soan Papdi,Packaged Food,
Haldiram's Rasgulla,Packaged Food,
Haldiram's Gulab Jamun,Packaged Food,
Bikaji Rasgulla Gol-Matol,Packaged Food,
Bikaji Gulab Jamun Gol-M-Gol,Packaged Food,
Royal Gulab Jamun,Packaged Food,
Lal Dharwad Peda,Packaged Food,
Shri Ram Soan Papdi,Packaged Food,
Lal Premium Mysore Pak,Packaged Food,
Haldiram's Besan Ladoo,Packaged Food,
Amul Kaju Katri,Packaged Food,
Bikaneri Madhuras Rasgulla,Packaged Food,
Royal Rasgulla,Packaged Food,
Lal Besan Laddoo,Packaged Food,
Phondaghat Pravalyukta Gulkand,Packaged Food,
Bikaji Manbhavan Soan Papdi,Packaged Food,
Crave Eatables Bachubhai's Soan Papdi,Packaged Food,
Crave Eatables Bachubhai's Rasgulla,Packaged Food,
Crave Eatables Bachubhai's Besan Laddu,Packaged Food,
Haldiram's Badam Halwa,Packaged Food,
Lal Shahi Mysore Pak,Packaged Food,
Amul Kesar Peda,Packaged Food,
Sun Shengh Chikki,Packaged Food,
Madhuras Soan Papdi,Packaged Food,
Lal Bombay Halwa,Packaged Food,
Amul Malai Peda,Packaged Food,
Divya Gulkand,Packaged Food,
Vaidehi Premium Dink Ladoo,Packaged Food,
Crave Eatables Bachubhai's Gulab Jamun,Packaged Food,
Amul Milk Cake,Packaged Food,
Vaidehi Premium Ragi Ladoo,Packaged Food,
Vaidehi Premium Multi Grain Ladoo,Packaged Food,
Ghasitaram's Rasmalai Tin,Packaged Food,
Vaidehi Premium Rava Besan Ladoo,Packaged Food,
Vaidehi Premium Methi Ladoo,Packaged Food,
Vaidehi Premium Moong Ladoo,Packaged Food,
Vaidehi Premium Besan Ladoo,Packaged Food,
Ghasitaram's Rassogulla With Natural Sweetener Tin,Packaged Food,
Madhur Bikaneri Rasgulla,Packaged Food,
Kokan Gem Kaju Modak - 21 Pieces,Packaged Food,
Kokan Gem Hapus Amba Modak - 21 Pieces,Packaged Food,
Chitale Kaju Katli,Packaged Food,
Bedekar Tasty Foods Moog Dal Halwa,Packaged Food,
Bedekar Besan Ladu,Packaged Food,
Pravin Mango Pickle,Packaged Food,
Mother's Recipe Mango Pickle - Jar,Packaged Food,
Pravin Mango Pickle - Pouch,Packaged Food,
Shree Siddhivinayak Mango Pickle,Packaged Food,
Bedekar Mango Pickle,Packaged Food,
Shree Siddhivinayak Sweet Mango Pickle,Packaged Food,
Mother's Recipe Mango Pickle - Pouch,Packaged Food,
Kubal Mango Pickle Pouch,Packaged Food,
Shree Siddhivinayak Sweet Lime Pickle,Packaged Food,
Shree Siddhivinayak Lime Pickle,Packaged Food,
Bedekar Lime Pickle (Sweet),Packaged Food,
Bedekar Lime Pickle,Packaged Food,
Mother's Recipe Mixed Pickle Jar,Packaged Food,
Pravin Mixed Pickle,Packaged Food,
Bedekar Mixed Pickle,Packaged Food,
Mother's Recipe Mixed Pickle Pouch,Packaged Food,
Shree Siddhivinayak Mixed Pickle,Packaged Food,
Kubal Mix Pickle Pouch,Packaged Food,
Pravin Green Chilli Pickle - Pouch,Packaged Food,
Shree Siddhivinayak Chilly Pickle,Packaged Food,
Bedekar Green Chilli Pickle,Packaged Food,
Jain DLS Marwadi Mirchi Red Pickle,Packaged Food,
Jain DLS Marwadi Mirchi Green Pickle,Packaged Food,
Inchi Schezwan Chutney,Packaged Food,
Nasle Shenga (Groundnut) Chutney,Packaged Food,
Bedekar Garlic Chutney,Packaged Food,
Vaidehi Lasun Chutney,Packaged Food,
Bedekar Groundnut (Singdana) Chutney,Packaged Food,
Mother's Recipe Gujarati Choondo Pickle,Packaged Food,
Jain DLS Ker Sangri Pickle,Packaged Food,
Jain Ker Ka Achar,Packaged Food,
Mother's Recipe Gujarati Gorkeri Pickle,Packaged Food,
Sugar Free Gold Pellets,Packaged Food,
Dabur Chyawanprash Awaleha,Packaged Food,
Sugar Free Gold Powder,Packaged Food,
Sugar Free Natura Pellets,Packaged Food,
Hamdard Roghan Badam Shirin Sweet Almond Oil,Packaged Food,
Patanjali Saffron Chyawanprash,Packaged Food,
RiteBite Max Protein Daily Choco Almond Bar,Packaged Food,
Horlicks Chocolate Delight Flavour,Packaged Food,
Dabur Chyawanprakash Sugarfree,Packaged Food,
RiteBite Max Protein Daily Choco Berry Bar,Packaged Food,
Sugar Free Natura Powder,Packaged Food,
RiteBite Max Protein Daily Choco Classic Bar,Packaged Food,
Saffola Immuniveda Chyawanprash,Packaged Food,
Sugar Free Natura Diet Sugar,Packaged Food,
Baidyanath Sugarfree Chyawan-Fit,Packaged Food,
Hamdard Safi Natural Blood Purifier,Packaged Food,
Sugar Free Green Stevia Powder,Packaged Food,
Baidyanath Chyawanprash Special,Packaged Food,
Sugar Free Natura Sweet Drops,Packaged Food,
RiteBite Sports Snack Bar,Packaged Food,
RiteBite Peanut Butter Snack Bar,Packaged Food,
Sugar Free Gold Sachets,Packaged Food,
Nutrivalue Stevia Leaves - Natural Sweetener,Packaged Food,
Baidyanath Kesari Kalp,Packaged Food,
Baidyanath Shankha Pushpi Syrup,Packaged Food,
Organic India Chyawanprash,Packaged Food,
Bean To Bark Milk Chocolate - Granola Munch,Packaged Food,
Bean To Bark Dark Chocolate - Quinoa Crackle,Packaged Food,
Dhootapapeshwar Shatavari Kalpa Granules,Packaged Food,
Dhootapapeshwar Shilapravang Special Tablet,Packaged Food,
Dhootapapeshwar Swamala Chywanprash,Packaged Food,
Dhootapapeshwar Shatavari Kalpa Granules - Elaichi,Packaged Food,
Knorr Thick Tomato Soup,Packaged Food,
Knorr Corn Veg Soup,Packaged Food,
Knorr Instant Tomato Chatpata Cup A Soup,Packaged Food,
Knorr Manchow Veg Cup-A-Soup,Packaged Food,
Knorr Hot & Sour Veg Soup,Packaged Food,
Knorr Mixed Vegetable Soup,Packaged Food,
Knorr Hot & Sour Veg Cup-A-Soup,Packaged Food,
Ching's Manchow Instant Soup,Packaged Food,
Knorr Sweet Corn Chicken Soup,Packaged Food,
Knorr Sweet Corn Veg Cup-A-Soup,Packaged Food,
Knorr International Shanghai Hot & Sour Chicken Soup,Packaged Food,
Knorr International Hong Kong Manchow Noodle Soup,Packaged Food,
Ching's Hot & Sour Instant Soup,Packaged Food,
Knorr Mixed Vegetable Cup-A-Soup,Packaged Food,
Knorr International Mexican Tomato Corn Soup,Packaged Food,
Ching's Mix Veg Instant Soup,Packaged Food,
Ching's Sweet Corn Veg Instant Soup,Packaged Food,
Chandan Shehanshahi Paan Mix,Packaged Food,
Chandan Super Green Mix,Packaged Food,
Chandan Regal Rose Mix,Packaged Food,
Chandan Parampara Paan Mix,Packaged Food,
Satyam Mukhwas Seven Seeds,Packaged Food,
Chandan Jeera Goli,Packaged Food,
Et-mi Saunf Mukhwas,Packaged Food,
Chandan Elaichi Fennel Mix,Packaged Food,
Chandan Coated Fennel Mix,Packaged Food,
Chandan Fresh Minty Mix,Packaged Food,
Nature's Treat Omega Natural Mix,Packaged Food,
Chandan Chatpat Awla,Packaged Food,
Chandan Natkhat Imli,Packaged Food,
Fisherman's Friend Mint Flavour Lozenges,Packaged Food,
Cadbury Chocobakes Cake,Packaged Food,
Britannia Fudge It Chocolate Brownie Cake,Packaged Food,
Britannia Treat Croissant Cocoa Creme Roll,Packaged Food,
Borges Green Pitted Olives,Packaged Food,
Parle Happy Happy Tutti Frutty Flavoured Cake,Packaged Food,
Britannia Treat Choco Creme Wafers,Packaged Food,
Britannia Pineapple Cake,Packaged Food,
Britannia Treat Vanila Creme Wafers,Packaged Food,
Britannia Gobbles Choco Chill Cake,Packaged Food,
Borges Green Sliced Olives,Packaged Food,
Premia Badam (Almonds),Pantry,
Nutraj California Almonds (Badam),Pantry,
Chana Dal,Pantry,
Rajma White,Pantry,
Rajma Kashmiri Red,Pantry,
Premia Mamra Badam,Pantry,
Tata Sampann Chana Dal,Pantry,
Rajma Red Small,Pantry,
Nutraj Almond,Pantry,
Satyam Rajma Pink,Pantry,
KMK Almond Mamra (Badam),Pantry,
DMart Healthy Choice Unpolished Chana Dal,Pantry,
Satyam Rajma Sharmili,Pantry,
Satyam Chana Dal,Pantry,
Tata Sampann 100% Organic Unpolished Chana Dal,Pantry,
KMK Almond American (Badam),Pantry,
Tata Sampann Organic Unpolished Rajma Red,Pantry,
DMart Premia Almonds Salted,Pantry,
ProV Select California Almonds,Pantry,
ProV Select California Independence,Pantry,
Moong Dal,Pantry,
Nutraj Cashews,Pantry,
Premia Regular Kaju (Cashews) - 320,Pantry,
Moong Dal Chilti,Pantry,
Tata Sampann Moong Dal,Pantry,
Kalbavi Cashews (Kaju),Pantry,
Premia Kaju Tukda (Cashews),Pantry,
Chowli Big,Pantry,
Chowli Premium,Pantry,
Premia Kaju,Pantry,
Chowli Small,Pantry,
Premia Cashew Broken,Pantry,
DMart Healthy Choice Unpolished Moong Dal,Pantry,
Premia Kaju Special (Cashews),Pantry,
Kokan Gem Goa Cashew Classic (Kaju),Pantry,
Kokan Gem Goa Cashew Premium (Kaju),Pantry,
Tata Sampann Moong Chilka,Pantry,
Chowli Red,Pantry,
Satyam Moong Dal,Pantry,
Tata Sampann 100% Organic Unpolished Moong Dal,Pantry,
KMK Cashew Nut (Kaju),Pantry,
Premia Premium Kaju (Cashews) - 210,Pantry,
24 Mantra Organic Moong Dal,Pantry,
Satyam Moong Chilti,Pantry,
DMart Premia Cashews Salted,Pantry,
Kokan Gem Goa Cashews Tukda,Pantry,
Satyam Chowla,Pantry,
Nutraj Broken Cashew,Pantry,
Organic Tattva Moong Dal Whole,Pantry,
DMart Premia Cashews Black Pepper,Pantry,
ProV Select Cashews,Pantry,
Tur Dal Latur,Pantry,
Tata Sampann Toor Dal,Pantry,
Tur Dal Premium Gujarat,Pantry,
Premia Pista Salty (Pistachio),Pantry,
DMart Healthy Choice Unpolished Toor Dal,Pantry,
Premia Pista Plain (Pistachios),Pantry,
Tata Sampann 100% Organic Unpolished Toor Dal,Pantry,
Nutraj Iranian Pistachios (Pista),Pantry,
Nutraj Premium California Pistachios (Pista),Pantry,
Premia Soyawadi,Pantry,
Satyam Tur (Toor) Dal,Pantry,
Nutrela Soya Mini Chunks,Pantry,
Organic Tattva Arhar Tur Dal,Pantry,
Toor Dal Plain,Pantry,
Nutrela Soya Chunks,Pantry,
Toor Dal Oily,Pantry,
24 Mantra Organic Tur Dal,Pantry,
Premia Mini Soya Chunks,Pantry,
Nutrela Soya Granules,Pantry,
KMK Pista Magaz,Pantry,
Satyam Toor Dal Oily,Pantry,
Carnival Classic Pista Magaz,Pantry,
Premia Soyabean,Pantry,
Carnival Classic California Pistachios,Pantry,
KMK Pista Salted Irani (Pistachios),Pantry,
Tuwar Whole,Pantry,
Saffola Mealmaker Soya Chunks,Pantry,
Udid (Urad) Dal,Pantry,
Desi Kabuli Chana,Pantry,
Udid,Pantry,
Date Crown Fard (Khajur),Pantry,
Tata Sampann Urad Dal,Pantry,
Emperor Dates - Deseeded Black Dates (Khajur),Pantry,
Satyam Kabuli Chana,Pantry,
Udid (Urad) Dal Chilti,Pantry,
Falcon UAE Dates Seedless (Khajur),Pantry,
Premia Red Dried Dates (Kharik),Pantry,
Emperor Royal Peacock Seeded Dates (Khajur),Pantry,
Emperor Dates Iranian Muzafati,Pantry,
24 Mantra Organic Kabuli Chana,Pantry,
Date Crown Bumaan Dates,Pantry,
Satyam Udid (Urad) Dal,Pantry,
Apis Royal Zahidi Premium Dates,Pantry,
King Solomon Medjoul Natural Dates,Pantry,
Premia Black Dried Dates (Kharik),Pantry,
Falcon Safawi Dates,Pantry,
Tata Sampann Organic Unpolished Kabuli Chana,Pantry,
Organic Tattva Kabuli Chana,Pantry,
Nutraj Dry Dates (Chuara-Khareek),Pantry,
Falcon Aqaba Dates,Pantry,
King Solomon Oriental Dates,Pantry,
Royal Delight Finest Oman Dates,Pantry,
Shamim Iranian Wet Dates,Pantry,
Emperor Premium Dates Zahidi,Pantry,
Tata Sampann Organic Unpolished Urad Dal,Pantry,
Falcon UAE Dates Seeded,Pantry,
Organic Tattva Urad Dal White Split,Pantry,
Azmah Dates,Pantry,
Apis Premium Seeded Dates,Pantry,
Royal Delight Finest Ajwa Dates,Pantry,
Organic Tattva Urad Dal Whole White,Pantry,
Royal Delight Finest Mabroom Dates,Pantry,
Royal Delight Finest Safavi Dates,Pantry,
Masoor Dal,Pantry,
Premia Kismis Indian (Raisins),Pantry,
Chana Small,Pantry,
Chana Big,Pantry,
Tata Sampann Masoor Dal,Pantry,
Premia Kismis Black (Raisins),Pantry,
Nutraj Raisins - Kishmish,Pantry,
Chana Green,Pantry,
Premia Kismis Black Seedless,Pantry,
Satyam Masur Dal,Pantry,
Mahafruit Premium Quality Kishmish (Raisins),Pantry,
Premia Kismis Selected (Raisins),Pantry,
Satyam Chana Mosambi,Pantry,
KMK Black Raisins Seedless (Kismis),Pantry,
KMK Green Raisins Afghan (Kismis),Pantry,
Satyam Chana Small,Pantry,
Organic Tattva Kala Chana,Pantry,
Satyam Chana Green,Pantry,
Carnival Premium Seedless Black Raisins,Pantry,
Tata Sampann Organic Unpolished Brown (Kala) Chana,Pantry,
Nutraj California Walnut Kernels (Akrod Magaj),Pantry,
Premia Akrod Magaj (Walnut Kernels),Pantry,
Nutraj California Whole Walnut (Akrod),Pantry,
Daliya,Pantry,
Nutraj Daily Walnut Kernels,Pantry,
Udid (Urad) Black Whole,Pantry,
KMK Walnut Shell (Whole),Pantry,
KMK Walnut Kernel (Akrod),Pantry,
Satyam Dalia,Pantry,
Satyam Udid (Urad) Whole,Pantry,
Moong Whole,Pantry,
Mix Dal,Pantry,
Satyam Moong Whole,Pantry,
Premia Jardalu,Pantry,
Premia Dry Apricot,Pantry,
24 Mantra Organic Green Moong Whole,Pantry,
Dal - Rice Mix,Pantry,
Masoor Whole,Pantry,
Premia Mixed Dry Fruits,Pantry,
Nutraj Mix Dry Fruits,Pantry,
Satyam Masoor Whole,Pantry,
KMK Cranberry Whole,Pantry,
KMK Mix Mewa Cut Dry Fruits,Pantry,
Carnival Cranberry Premium Whole,Pantry,
Carnival Cranberry Classic Sliced,Pantry,
Carnival Dried Blueberry,Pantry,
Carnival Cranberry Whole,Pantry,
Vatana White,Pantry,
Vatana Green,Pantry,
Satyam Safed (White) Vatana,Pantry,
Vatana Black,Pantry,
Satyam Vatana Green,Pantry,
KMK Charoli,Pantry,
Premia Charoli,Pantry,
Satyam Vatana Black,Pantry,
Makhana,Pantry,
Matki,Pantry,
Matki Small,Pantry,
Morya Phool Makhana (Fox Nuts),Pantry,
Mixed Pulses For Sprout,Pantry,
Wal,Pantry,
Moong Whole Small,Pantry,
Satyam Math (Matki),Pantry,
Satyam Wal Kadwa,Pantry,
Mix Chana Vatana (for Sprout),Pantry,
Ranguni Wal,Pantry,
Satyam Makhana,Pantry,
Wal Papdi,Pantry,
Satyam Wal,Pantry,
KMK Anjeer (Figs),Pantry,
Premia Anjeer (Figs),Pantry,
Kulith (Horse Gram),Pantry,
Carnival Premium Anjeer Figs,Pantry,
Nutraj Signature Fig (Anjeer) Gold,Pantry,
Premia Groundnut,Pantry,
Satyam Singdana (Groundnut),Pantry,
24 Mantra Organic Peanut,Pantry,
Organic Tattva Groundnuts (Peanuts),Pantry,
Premia Sugar,Pantry,
Premia Cow Ghee Pouch,Pantry,
Premia Poha Jada,Pantry,
Premia Jeera,Pantry,
Premia Sabudana,Pantry,
Premium Jaggery,Pantry,
Premia Green Elaichi,Pantry,
Premia Dry Coconut,Pantry,
Keshar Premium Natural Jaggery Jar,Pantry,
Premia Black Pepper,Pantry,
Premia Dhaniya,Pantry,
Premia Kashmiri Chilli Powder Deluxe,Pantry,
Premia Badishep,Pantry,
Premia Rai,Pantry,
Premia Kashmiri Chilli Powder,Pantry,
Mamra (Puffed Rice),Pantry,
Jaggery,Pantry,
Premia Cassia Taj,Pantry,
Premia Haldi Powder Deluxe,Pantry,
Premia Dhania Powder Deluxe,Pantry,
Premia Ajma,Pantry,
Premia Emli,Pantry,
Premia Rai Small,Pantry,
Premia Poha Patla,Pantry,
Premia Til White,Pantry,
Premia Coconut Powder,Pantry,
Premia Lukhnowi Badishep,Pantry,
Premia Khaskhas,Pantry,
Premia Green Elaichi Economy,Pantry,
Premia Star Anise (Badiyan),Pantry,
Premia Guntur Chilli,Pantry,
Premia Roasted Badishep,Pantry,
Premia Lawang,Pantry,
Premia Dhaniya Dal,Pantry,
Premia Poha Basmati,Pantry,
Premia Kasoori Methi,Pantry,
Premia Methi,Pantry,
Premia Sabja,Pantry,
Premia Jeera Powder Deluxe,Pantry,
Premia Sabudana Small,Pantry,
Premia Black Pepper Powder,Pantry,
Premia Shaha Jeera,Pantry,
Premia Alsi,Pantry,
Premia Bedgi Chilli,Pantry,
Premia Chilli Kashmiri,Pantry,
Amchur Powder,Pantry,
Kolhapuri Surati Kurmura,Pantry,
Premia Garam Masala Powder Deluxe,Pantry,
Premia Jaipatri (Mace),Pantry,
Premia Tej Patta,Pantry,
Premia Masala Elaichi,Pantry,
Premia Dhania Powder,Pantry,
Premia Sugar Crystals (Khadi Shakkar),Pantry,
Premia Dhania Jeera Mix Khandela,Pantry,
Premia Jaifal,Pantry,
Premia Amsul Wet Kokam,Pantry,
Laxmi Jaya Kurmura,Pantry,
Premia Malwani Masala Deluxe,Pantry,
Premia Sugar Candy,Pantry,
Premia Reshampatti Chilli Khandela,Pantry,
Premia Til Black,Pantry,
Premia Kokam Rind Lonavala,Pantry,
Premia Eating Soda,Pantry,
Premia Ginger Powder,Pantry,
Premia Kalvanji,Pantry,
Miki Maize (Makai) Poha,Pantry,
Premia Dry Ginger (Sunth),Pantry,
Premia Dinkh (Edible Gum),Pantry,
Premia Nimbu Phool (Citric Acid),Pantry,
Premia Dagad Phool (Black Stone Flower),Pantry,
Premia Sakariya,Pantry,
Premia Sunday Mix Masala,Pantry,
Premia Halim,Pantry,
Fortune Sunlite Refined Sunflower Oil,Pantry,
Fortune Refined Sunflower Oil Tin,Pantry,
Sunrich Refined Sunflower Oil,Pantry,
Gemini Refined Sunflower Oil,Pantry,
Gulab Sunflower Oil Jar,Pantry,
Sunday Refined Sunflower Oil,Pantry,
Swaad Refined Sunflower Oil,Pantry,
Dhara Refined Sunflower Oil,Pantry,
Nature Fresh Refined Sunflower Oil Pouch,Pantry,
Dalda Refined Sunflower Oil,Pantry,
Sundrop Superlite Advanced Sunflower Oil,Pantry,
Sunny Sun Lite Refined Sunflower Oil,Pantry,
Gulab Sunflower Oil,Pantry,
Gemini Refined Sunflower Oil - 15 L,Pantry,
Godrej Refined Sunflower Oil,Pantry,
Aadhaar Refined Sunflower Oil Pouch,Pantry,
Saffola Gold Oil,Pantry,
Saffola Active Oil,Pantry,
Saffola Total Oil,Pantry,
Fortune Xpert Blended Oil,Pantry,
Hudson Canola Oil,Pantry,
Svity Kolam Refined Rice Bran Oil,Pantry,
Fortune Rice Bran Health Oil,Pantry,
Premia Refined Rice Bran Oil,Pantry,
Riso Ricebran Oil,Pantry,
Dhara Refined Rice Bran Oil,Pantry,
Ricela Refined Rice Bran Oil,Pantry,
Gemini Rice Bran Oil,Pantry,
Dhara Life Refined Rice Bran Oil Jar,Pantry,
Gulab Filtered Groundnut Oil,Pantry,
Guinea Filtered Groundnut Oil,Pantry,
Dhara Filtered Groundnut Oil Pouch,Pantry,
RRO Primio Gold Filtered Groundnut Oil,Pantry,
Gulab Groundnut Oil,Pantry,
RRO Primio Refined Groundnut Oil,Pantry,
RRO Primio Refined Groundnut Oil,Pantry,
RRO Primio Gold Filtered Groundnut Oil,Pantry,
Gramiyaa Wood Cold Pressed Groundnut Oil,Pantry,
Guinea Lite Groundnut Oil,Pantry,
Gramiyaa Wood Cold Pressed Coconut Oil,Pantry,
Del Monte Extra Light Olive Oil,Pantry,
Borges Extra Light Olive Oil,Pantry,
Figaro Olive Oil Tin,Pantry,
Borges Extra Virgin Olive Oil,Pantry,
Leonardo Olive Pomace Oil,Pantry,
Bertolli Extra Light Tasting Olive Oil,Pantry,
Figaro Extra Virgin Olive Oil Bottle,Pantry,
Borges Pure Olive Oil - Classic,Pantry,
Leonardo Extra Light Olive Oil,Pantry,
Patanjali Kachi Ghani Mustard Oil,Pantry,
Fortune Kachi Ghani Mustard Oil Bottle,Pantry,
Dhara Kachighani (Mustard) Oil,Pantry,
Patanjali Kachi Ghani Mustard Oil Pouch,Pantry,
Fortune Kachi Ghani Mustard Oil,Pantry,
Tez Mustard Kachchi Ghani Oil Bottle,Pantry,
RRO Premium Mustard Oil,Pantry,
RRO Mastdil Premium Mustard Oil Bottle,Pantry,
Tez Mustard Kachchi Ghani Oil Pouch,Pantry,
Gemini Refined Soyabean Oil,Pantry,
Swaad Soyabean Oil,Pantry,
Idhayam Gingelly Oil,Pantry,
KLF Coconut Oil,Pantry,
RRO Til Dil Premium Til Oil Bottle,Pantry,
Tilsona Til Oil Bottle,Pantry,
Fortune Plus Soya Health Oil,Pantry,
Idhayam Sesame Oil Bottle,Pantry,
Fortune Xpert Pro Immunity Jar,Pantry,
Gramiyaa Wood Cold Pressed Sesame Oil,Pantry,
Fortune Raag Gold Refined Palm Oil,Pantry,
Amul Pure Ghee Pouch,Pantry,
Gowardhan Pure Cow Ghee Pouch,Pantry,
Amul Cow Ghee Pouch,Pantry,
Aabad Cow Ghee Pouch,Pantry,
Mother Dairy Pure Cow Ghee,Pantry,
Sagar Pure Ghee Pouch,Pantry,
Prabhat Dairy Cow Ghee Pouch,Pantry,
Chitale Dairy Cow Ghee Box,Pantry,
Gowardhan Pure Cow Ghee Jar,Pantry,
Dynamix Cow Ghee Pouch,Pantry,
Govind Pure Ghee Pouch,Pantry,
Amul Pure Ghee Tin,Pantry,
Aabad Desi Ghee Pouch,Pantry,
Chitale Dairy Ghee Box,Pantry,
Sagar Pure Ghee Tin,Pantry,
Aashirvaad Svasti Pure Cow Ghee Pouch,Pantry,
Parsi Dairy Farm Cow Ghee Jar,Pantry,
Dynamix Cow Ghee Jar,Pantry,
Aabad Cow Ghee Jar,Pantry,
Dynamix Cow Ghee Tin,Pantry,
Parsi Dairy Farm Buffalo Ghee Jar,Pantry,
Organic India Organic Cow Ghee,Pantry,
Dalda Vanaspati,Pantry,
Aashirvaad Superior MP Wheat Atta,Pantry,
Aashirvaad Select Sharbati Wheat Atta,Pantry,
Aashirvaad Multigrain Atta,Pantry,
Pillsbury Chakki Fresh Wheat Atta,Pantry,
Fortune Chakki Fresh Wheat Atta,Pantry,
Nature Fresh Sampoorna Superior MP Wheat Atta,Pantry,
Taste For Life MP Sihore Chapati Fine Wheat Atta,Pantry,
Wheat Flour Chakki Atta,Pantry,
Pillsbury Multi Grain Atta,Pantry,
24 Mantra Organic Whole Wheat Atta,Pantry,
Rice Atta,Pantry,
Organic Tattva Organic Wheat Flour,Pantry,
24 Mantra Organic Ragi Flour,Pantry,
24 Mantra Organic Jowar Flour,Pantry,
Taste For Life Premium Khapli Wheat Atta,Pantry,
Wheat Lokwan (Lokvan),Pantry,
Makai For Popcorn,Pantry,
Nachni,Pantry,
Satyam Sabudana,Pantry,
Bajari,Pantry,
Organic India Quinoa,Pantry,
Satyam Lapsi Medium,Pantry,
Satyam Barley,Pantry,
Pink Harvest Farms White Quinoa,Pantry,
Rava,Pantry,
Besan,Pantry,
Fortune Chana Dal Besan,Pantry,
Satyam Rava,Pantry,
Lapsi Rava Small Daliya,Pantry,
Lapsi Rava / Daliya,Pantry,
Tata Sampann Fine Besan,Pantry,
Jawari Atta,Pantry,
Bhagirathi Jowar Atta,Pantry,
Satyam Besan,Pantry,
Blue Bird Corn Flour,Pantry,
Satyam Maida,Pantry,
Nachni Atta,Pantry,
Bhagirathi Thalipeeth Bhajni,Pantry,
Satyam Rajgira Flour,Pantry,
Bhagirathi Nachani (Ragi) Atta,Pantry,
Bhagirathi Rice Atta,Pantry,
Bhagirathi Bajra Atta,Pantry,
Bhagirathi Upwas Bhajani,Pantry,
Organic Tattva Suji,Pantry,
Bhagirathi Sattu Atta,Pantry,
Bhagirathi Shingada Atta,Pantry,
Bhagirathi Rajgira Atta,Pantry,
Makai Atta,Pantry,
Weikfield Corn Flour,Pantry,
Kokan Gem Thalipeeth Bhajani,Pantry,
Bhagirathi Makai (Corn) Flour,Pantry,
Satyam Rice Atta (Flour),Pantry,
Bhagirathi Multigrain Bhakari Atta,Pantry,
Brown & Polson Corn Flour,Pantry,
Kokan Gem Kulith Pith,Pantry,
Bedekar Thalipith Bhajni,Pantry,
Bhagirathi Modak Atta,Pantry,
Bedekar Bhajjia Mix,Pantry,
K-Pra Ustav Modak Flour,Pantry,
India Gate Basmati Rice Rozana,Pantry,
Daawat Heritage Daily Feast Tukda Basmati Rice,Pantry,
Daawat Devaaya Basmati Rice,Pantry,
Daawat Rozana Super Basmati Rice,Pantry,
India Gate Mini Mogra (Broken) Basmati Rice,Pantry,
India Gate Super Basmati Rice,Pantry,
Basmati Rice Mogra,Pantry,
Fortune Everyday Hamesha Basmati Rice,Pantry,
Daawat Super Basmati Rice,Pantry,
India Gate Basmati Rice - Mini Mogra-II - Kanki,Pantry,
Daawat Rozana Gold Basmati Rice,Pantry,
Rice Pulav Basmati,Pantry,
India Gate Basmati Rice - Mogra,Pantry,
Basmati Rice Mini Mogra (Broken),Pantry,
India Gate Basmati Rice - Classic,Pantry,
Daawat Biryani Basmati Rice,Pantry,
Basmati Rice Broken (Kani),Pantry,
Rice Basmati,Pantry,
Fortune Biryani Special Basmati Rice,Pantry,
India Gate Basmati Rice - Tibar,Pantry,
Daawat Pulav Basmati Rice,Pantry,
Daawat Sehat Mini Mogra (Broken) Basmati Rice,Pantry,
Rice Basmati Tukda,Pantry,
Biryani Rice,Pantry,
Devaaya Biryani Basmati Rice,Pantry,
Daawat Brown Basmati Rice,Pantry,
Rice Tibar Basmati,Pantry,
India Gate Basmati Rice - Dubar,Pantry,
Daawat Traditional Basmati Rice,Pantry,
Daawat Sehat Mogra Basmati Rice,Pantry,
India Gate Regular Choice Basmati Rice,Pantry,
Rice Basmati Wand : 5 kgs,Pantry,
Mogra Basmati Rice,Pantry,
Lal Qilla Traditional Basmati Rice,Pantry,
Lal Qilla Super Silverline Basmati Rice,Pantry,
Lal Qilla Tibar Basmati Rice,Pantry,
Lal Qilla Dubar Basmati Rice,Pantry,
Lal Qilla Classic Whiteline Basmati Rice,Pantry,
Lal Qilla Brown Basmati Rice,Pantry,
Wada Kolam Rice,Pantry,
Silky Kolam Rice,Pantry,
HMT Kolam Rice,Pantry,
Eco Kolam Jirasar Sorted Rice,Pantry,
24 Mantra Organic Sonamasuri Brown Rice,Pantry,
India Gate Brown Rice,Pantry,
Tata Sampann Poha,Pantry,
Satyam Poha Jada,Pantry,
24 Mantra Organic Red Poha,Pantry,
24 Mantra Organic Poha,Pantry,
Satyam Poha (Powa) Patla,Pantry,
Organic Tattva Red Poha,Pantry,
Organic Tattva Poha,Pantry,
Ambemohar Rice,Pantry,
Idli Rice,Pantry,
Red Rice,Pantry,
Long Grain Rice,Pantry,
IR Boiled Rice,Pantry,
Masoori Boiled Rice,Pantry,
Satyam Sama,Pantry,
Satyam Jeera,Pantry,
Premchand Gold Dhana Dal,Pantry,
Satyam Kashmiri Chilly,Pantry,
Satyam Miri (Black Pepper),Pantry,
Satyam Bedgi Chilly,Pantry,
Masala Elaichi,Pantry,
Satyam Pumpkin Seeds,Pantry,
Premia Grated Dry Coconut,Pantry,
Satyam Chia Seeds,Pantry,
Satyam Elaichi,Pantry,
Satyam Khobra (Coconut),Pantry,
Satyam Dhania,Pantry,
24 Mantra Organic Flax Seeds,Pantry,
Tamarind,Pantry,
Satyam Elaichi Big,Pantry,
Satyam Watermelon Seed,Pantry,
Satyam Badishop,Pantry,
Satyam Taj (Cassia Bark),Pantry,
Premia Chilli Guntur Stemless,Pantry,
Satyam Sabja,Pantry,
Satyam Sunflower Seeds,Pantry,
Satyam Tamarind,Pantry,
Satyam Rai,Pantry,
Satyam Pandi Chilli,Pantry,
Satyam Garam Masala Whole,Pantry,
Satyam Lavang,Pantry,
Satyam Bore Chilly,Pantry,
Satyam Ajma,Pantry,
Satyam Pumpkin Seeds Salted,Pantry,
Satyam Methi,Pantry,
Satyam Quinoa,Pantry,
Premia Rai Red,Pantry,
Amrut Dhana Dal,Pantry,
Carnival Pumpkin Seeds,Pantry,
Carnival Sunflower Seeds,Pantry,
Carnival Watermelon Seeds,Pantry,
Pink Harvest Farms Chia Seeds,Pantry,
Pink Harvest Farms Tri-Colour Quinoa,Pantry,
Everest Kashmirilal Red Chilli Powder,Pantry,
Everest Tikhalal Chilli Powder,Pantry,
Everest Garam Masala,Pantry,
Ramdev Strong Hing,Pantry,
Premia Extra Strong Hing Powder,Pantry,
Maggi Masala-A-Magic,Pantry,
Everest Chaat Masala,Pantry,
LG Hing,Pantry,
Vandevi Hing Powder,Pantry,
Premia Yellow Hing Powder,Pantry,
Everest Pav Bhaji Masala,Pantry,
Everest Kitchen King Masala,Pantry,
Everest Turmeric Powder,Pantry,
Vandevi Hing 2001 Powder,Pantry,
Everest Shahi Biryani Masala,Pantry,
Everest Coriander Powder,Pantry,
Everest Yellow Hing Powder,Pantry,
MTR Sambar Powder,Pantry,
Everest Chhole Masala,Pantry,
Premia Red Chilli Powder,Pantry,
Everest Tea Masala,Pantry,
Everest Chicken Masala,Pantry,
Tata Sampann Turmeric Powder,Pantry,
Everest Sambhar Masala,Pantry,
Everest Meat Masala,Pantry,
Suhana Paneer Tikka Mix Masala,Pantry,
Snapin Chilli Flakes Spice,Pantry,
Badshah Mumbai Bhaji Pav Masala,Pantry,
Suhana Paneer Butter Masala Mix,Pantry,
Suhana Chicken Biryani Mix,Pantry,
Nisarga Desiccated Coconut Powder,Pantry,
Ramdev Chilli Powder,Pantry,
Everest Tandoori Chicken Masala,Pantry,
Kubal Sunday Malvani Masala,Pantry,
Badshah Hing Compounded,Pantry,
Jalaram Brand Cardamom Powder,Pantry,
Shan Special Bombay Biryani Masala,Pantry,
Badshah Rajwadi Garam Masala,Pantry,
Everest Pani Puri Masala,Pantry,
Goldiee Kashmiri Mirch Powder,Pantry,
Maggi Masala Magic,Pantry,
Suhana Mutter Paneer Mix Masala,Pantry,
Ramdev Turmeric Powder,Pantry,
Badshah Chat Masala,Pantry,
Suhana Chicken Gravy Mix,Pantry,
Badshah Biryani Pulav Masala,Pantry,
Bedekar Ready Mix Pickle Masala,Pantry,
Kubal SP Sunday Malvani Masala,Pantry,
Suhana Paneer Makhanwala Mix Masala,Pantry,
Ching's Schezwan Fried Rice Masala,Pantry,
Everest Kutilal Chilli Powder,Pantry,
Kubal Chilli Powder,Pantry,
Goldiee Garam Masala,Pantry,
Everest Sabji Masala,Pantry,
Ramdev Coriander Powder,Pantry,
Suhana Butter Chicken Mix,Pantry,
Badshah Black Pepper Powder,Pantry,
Bedekar Goda Masala,Pantry,
Goldiee Chat Masala,Pantry,
Kapol Tea Masala,Pantry,
Snapin Cardamom Powder Spice,Pantry,
Kubal Turmeric Powder,Pantry,
Badshah Kitchen King Masala,Pantry,
Kapol Usal - Misal Masala,Pantry,
Suhana Chicken Tandoori Mix Masala,Pantry,
Goldiee Kitchen King Masala,Pantry,
Suhana Mutton Gravy Mix,Pantry,
Badshah Chicken Masala,Pantry,
Badshah Punjabi Chhole Masala,Pantry,
Goldiee Chicken Masala,Pantry,
Jalaram Brand Cinnamon Powder,Pantry,
Shan Chicken Tikka Masala,Pantry,
Suhana Veg Kolhapuri Mix,Pantry,
Snapin Ginger Garlic Mix Seasoning,Pantry,
Badshah Dry Mango Powder,Pantry,
Kubal Coriander Powder,Pantry,
Jalaram Brand Nutmeg (Jaifal) Powder,Pantry,
Kapol Sandwich Masala,Pantry,
MDH Chunky Chat Masala,Pantry,
MDH Kitchen King Masala,Pantry,
Shan Tandoori Barbeque Masala,Pantry,
Jalaram Brand Tea Masala with Saffron,Pantry,
MDH Garam Masala,Pantry,
Goldiee Pavbhaji Masala,Pantry,
MDH Deggi Mirch,Pantry,
Kapol Dabeli Masala,Pantry,
Shan Nihari Masala,Pantry,
Kubal SP Mix Usal Masala,Pantry,
Goldiee Sabji Masala,Pantry,
Snapin Cinnamon Powder Spice,Pantry,
Goldiee Meat Masala Special,Pantry,
Jalaram Brand Black Pepper Powder,Pantry,
Goldiee Biryani/Pulav Masala,Pantry,
Goldiee Chhole Masala,Pantry,
Jalaram Brand Kashmiri Milk Masala,Pantry,
MDH Chana Masala,Pantry,
Badshah Chana Masala,Pantry,
Shan Achar Gosht Masala,Pantry,
Ching's Chowmein Hakka Noodles Masala,Pantry,
Tata I-Shakti Cooking Soda,Pantry,
Badshah Kamal Tea Masala,Pantry,
MDH Pav Bhaji Masala,Pantry,
MDH Chicken Masala,Pantry,
Blue Bird Test-Mi-Nov Monosodium Glutamate,Pantry,
Catch Sprinklers Black Pepper,Pantry,
Catch Sprinklers Chat Masala,Pantry,
Catch Sprinklers Dahi Masala,Pantry,
Mother's Recipe Rozaana Ginger & Garlic Paste,Pantry,
Dabur Hommade Coconut Milk,Pantry,
Smith & Jones Ginger Garlic Paste,Pantry,
Mother's Recipe Ginger Garlic Paste,Pantry,
Maggi Magic Cubes - Vegetarian Masala,Pantry,
Hommade Ginger Garlic Paste,Pantry,
Hommade Tomato Puree,Pantry,
Blue Bird Baking Powder,Pantry,
Weikfield Baking Powder,Pantry,
Christopher Cocoa Baking Soda All Purpose,Pantry,
Christopher Cocoa Baking Powder,Pantry,
Et-Mi Baking Powder,Pantry,
Blue Bird Baking Soda,Pantry,
Jalaram Kesar (Saffron),Pantry,
Snapin Oregano Herb,Pantry,
Snapin Pizza Mix Seasoning,Pantry,
Snapin Mixed Herbs,Pantry,
Snapin Pasta Mix Seasoning,Pantry,
Snapin Cheesy Garlic Bread Mix,Pantry,
Snapin Piri Piri Mix,Pantry,
Nutrivalue Moringa Oleifera Drum Stick Leaves Powder,Pantry,
Keya Wonder Hot Red Chilli Flakes,Pantry,
Keya Piri Piri,Pantry,
Keya Oregano,Pantry,
Keya Pizza Seasoning,Pantry,
MDH Peacock Kasoori Methi,Pantry,
Everest Kesari Milk Masala,Pantry,
Rasoi Magic Paneer Tikka Masala Spice Mix,Pantry,
Rasoi Magic Paneer Makhanwala Masala,Pantry,
Suhana Kesari Milk Masala,Pantry,
Mother's Recipe Kadhai Paneer Masala Mix,Pantry,
Kapol Special Chhas Masala,Pantry,
Rasoi Magic No Onion No Garlic Veg Kolhapuri Spice Mix,Pantry,
Mother's Recipe Paneer Butter Masala Mix,Pantry,
Rasoi Magic No Onion No Garlic Mutter Paneer Mix,Pantry,
Mother's Recipe Chicken Biryani Mix,Pantry,
Kubal Ready Mix Pickle Masala,Pantry,
Real Thai Coconut Milk,Pantry,
Flying Bird Artificial Food Essence Shahi Biryani,Pantry,
Tata Salt,Pantry,
Puro Healthy Salt,Pantry,
Tata Salt Lite,Pantry,
Tata Rock Salt Powder Pouch,Pantry,
Aashirvaad Salt,Pantry,
Rock Salt,Pantry,
Tata SuperLite Salt : 1 kg,Pantry,
Premia Goda Masala,Pantry,
Premia Akrod Whole,Pantry,
Premia Big Sakariya,Pantry,
Shree Annapurna Jaggery Powder,Pantry,
GB Surti Kolam Sorted Rice,Pantry,
MP Sihore Wheat,Pantry,
Maida,Pantry,
Jawar (Sorghum) Solapur,Pantry,
24 Mantra Organic Jaggery Powder,Pantry,
Pitambari Ruchiyana Jaggery Powder - Chemical Free,Pantry,
Bhagar,Pantry,
Idli Rava,Pantry,
Rasmalai Premium Desi Jaggery Pieces,Pantry,
Satyam Jaggery,Pantry,
Organic Tattva Sugar,Pantry,
Satyam Sindhav Powder,Pantry,
Tata Rock Salt Crusher,Pantry,
24 Mantra Organic Sugar,Pantry,
Organic Tattva Brown Sugar,Pantry,
Organic Tattva Jaggery Powder,Pantry,
,,
,,
,,
,,
,,
,,
,,
,,
,,
,,
,,
,,
,,
,,
,,
,,
,,
,,
,,
,,
,,
,,
,,
,,
,,
,,
,,
,,
,,
,,
,,
,,
,,
,,
,,
,,
,,
,,
,,
,,
,,
,,
,,
,,
,,
,,
,,
,,
,,
,,
,,
,,
,,
,,
,,
,,
,,
,,
,,
,,
,,
,,
,,
,,
,,
,,
,,
,,
,,
,,
,,
,,
,,
,,
,,
,,
,,
,,
,,
,,
,,
,,
,,
,,
,,
,,
,,
,,
,,
,,
,,
,,
,,
,,
,,
,,
,,
,,
,,
,,
,,
,,
,,
,,
,,
,,
,,
,,
,,
,,
,,
,,
,,
,,
,,
,,
,,
,,
,,
,,
,,
,,
,,
,,
,,
,,
,,
,,
,,
,,
,,
,,
,,
,,
,,
,,
,,
,,
,,
,,
,,
,,
,,
,,
,,
,,
,,
,,
,,
,,
,,
,,
,,
,,
,,
,,
,,
,,
,,
,,
,,
,,
,,
,,
,,
,,
,,
,,
,,
,,
,,
,,
,,
,,
,,
,,
,,
,,
,,
,,
,,
,,
,,
,,
,,
,,
,,
,,
,,
,,
,,
,,
,,
,,
,,
,,
,,
,,
,,
,,
,,
,,
,,
,,
,,
,,
,,
,,
,,
,,
,,
,,
,,
,,
,,
,,
,,
,,
,,
,,
,,
,,
,,
,,
,,
,,
,,
,,
,,
,,
,,
,,
,,
,,
,,
,,
,,
,,
,,
,,
,,
,,
,,
,,
,,
,,
,,
,,
,,
,,
,,
,,
,,
,,
,,
,,
,,
,,
,,
,,
,,
,,
,,
,,
,,
,,
,,
,,
,,
,,
,,
,,
,,
,,
,,
,,
,,
,,
,,
,,
,,
,,
,,
,,
,,
,,
,,
,,
,,
,,
,,
,,
,,
,,
,,
,,
,,
,,
,,
,,
,,
,,
,,
,,
,,
,,
,,
,,
,,
,,
,,
,,
,,
,,
,,
,,
,,
,,
,,
,,
,,
,,
,,
,,
,,
,,
,,
,,
,,
,,
,,
,,
,,
,,
,,
,,
,,
,,
,,
,,
,,
,,
,,
,,
,,
,,
,,
,,
,,
,,
,,
,,
,,
,,
,,
,,
,,
,,
,,
,,
,,
,,
,,
,,
,,
,,
,,
,,
,,
,,
,,
,,
,,
,,
,,
,,
,,
,,
,,
,,
,,
,,
,,
,,
,,
,,
,,
,,
,,
,,
,,
,,
,,
,,
,,
,,
,,
,,
,,
,,
,,
,,
,,
,,
,,
,,
,,
,,
,,
,,
,,
,,
,,
,,
,,
,,
,,
,,
,,
